Trade Date,Strike,Expiry Date,Call/Put,Last Trade Price,Bid Price,Ask Price,Bid Implied Volatility,Ask Implied Volatility,Open Interest,Volume,Delta,Gamma,Vega,Theta,Rho
2023-07-03,180,2023-07-21,c,231.36,230.74,233.27,0,2.0808,0,0,1,0,0,-0.0268,0.0892
2023-07-03,185,2023-07-21,c,223.33,222.3,224,0,1.7034,0,0,1,0,0,-0.0276,0.0917
2023-07-03,190,2023-07-21,c,221.25,219.39,222.93,0,1.9136,0,0,1,0,0,-0.0283,0.0941
2023-07-03,195,2023-07-21,c,211.94,211.08,212.77,0,1.6569,0,0,1,0,0,-0.0291,0.0966
2023-07-03,200,2023-07-21,c,211.5,210.41,212.24,0,1.5689,0,0,1,0,0,-0.0298,0.0991
2023-07-03,205,2023-07-21,c,202.03,200.26,203.63,0,1.7351,0,0,1,0,0,-0.0306,0.1016
2023-07-03,210,2023-07-21,c,201.38,200.06,202.09,0,1.4634,0,0,1,0,0,-0.0313,0.1041
2023-07-03,215,2023-07-21,c,192.12,191.12,192.91,0,1.443,0,0,1,0,0,-0.0321,0.1065
2023-07-03,220,2023-07-21,c,188.43,187.2,190,0,1.5697,0,0,1,0,0,-0.0328,0.109
2023-07-03,225,2023-07-21,c,181.91,181.08,182.76,0,1.3692,0,0,1,0,0,-0.0336,0.1115
2023-07-03,230,2023-07-21,c,178.45,176.6,180.3,0,1.5183,0,0,1,0,0,-0.0343,0.114
2023-07-03,235,2023-07-21,c,172.02,171.36,172.75,0,1.2488,0,0,1,0,0,-0.035,0.1164
2023-07-03,240,2023-07-21,c,168.48,167.1,169.3,0,1.2277,0,0,1,0,0,-0.0358,0.1189
2023-07-03,245,2023-07-21,c,161.86,161.07,162.85,0,1.2276,0,0,1,0,0,-0.0365,0.1214
2023-07-03,250,2023-07-21,c,158.51,157.1,159.7,0,1.2218,0,0,1,0,0,-0.0373,0.1239
2023-07-03,255,2023-07-21,c,151.98,151.17,152.96,0,1.138,0,0,1,0,0,-0.038,0.1264
2023-07-03,260,2023-07-21,c,148.53,148.3,148.8,0,0.9014,0,0,1,0,0,-0.0388,0.1288
2023-07-03,265,2023-07-21,c,141.88,141.63,142.12,0,0.8613,0,0,1,0,0,-0.0395,0.1313
2023-07-03,270,2023-07-21,c,138.56,138.3,138.8,0,0.822,0,0,1,0,0,-0.0403,0.1338
2023-07-03,275,2023-07-21,c,132.01,131.74,132.24,0,0.7834,0,0,1,0,0,-0.041,0.1363
2023-07-03,280,2023-07-21,c,128.59,128.3,128.9,0,0.7846,1,0,1,0,0,-0.0418,0.1387
2023-07-03,285,2023-07-21,c,125.25,124.94,125.55,0,0.7474,0,0,1,0,0,-0.0425,0.1412
2023-07-03,290,2023-07-21,c,118.62,118.4,118.9,0,0.7108,0,0,1,0,0,-0.0433,0.1437
2023-07-03,295,2023-07-21,c,115.15,114.81,115.42,0,0.6748,0,0,1,0,0,-0.044,0.1462
2023-07-03,300,2023-07-21,c,108.64,108.4,108.9,0,0.6395,3,0,1,0,0,-0.0447,0.1486
2023-07-03,305,2023-07-21,c,105.04,104.68,105.39,0,0.6356,0,0,1,0,0,-0.0455,0.1511
2023-07-03,310,2023-07-21,c,98.01,97.74,98.34,0,0.6011,0,0,1,0,0,-0.0462,0.1536
2023-07-03,315,2023-07-21,c,95.09,94.8,95.41,0,0.5671,0,0,1,0,0,-0.047,0.1561
2023-07-03,320,2023-07-21,c,88.11,87.91,88.41,0,0.5338,18,0,1,0,0,-0.0477,0.1586
2023-07-03,325,2023-07-21,c,84.97,84.75,85.26,0,0.5009,0,0,1,0,0,-0.0485,0.161
2023-07-03,330,2023-07-21,c,78.06,77.85,78.34,0,0.4686,0,0,1,0,0,-0.0492,0.1635
2023-07-03,335,2023-07-21,c,73.74,73.5,74.1,0,0.4591,0,0,1,0,0,-0.05,0.166
2023-07-03,340,2023-07-21,c,68.18,68.03,68.52,0,0.4273,0,0,1,0,0,-0.0507,0.1685
2023-07-03,345,2023-07-21,c,63.76,63.6,64.1,0,0.396,0,0,1,0,0,-0.0515,0.1709
2023-07-03,350,2023-07-21,c,58.29,58.11,58.71,0,0.3821,0,0,0.9999,0,0.0005,-0.0524,0.1734
2023-07-03,355,2023-07-21,c,53.79,53.7,54.2,0,0.3504,0,0,0.9998,0,0.0007,-0.0532,0.1759
2023-07-03,360,2023-07-21,c,48.33,48.21,48.71,0,0.3192,3,0,0.9975,0.0004,0.0065,-0.0576,0.1779
2023-07-03,365,2023-07-21,c,43.84,43.7,44.2,0,0.2886,46,0,0.9963,0.0006,0.0111,-0.0596,0.1801
2023-07-03,370,2023-07-21,c,38.5,38.41,38.91,0,0.2705,144,0,0.9898,0.0015,0.0239,-0.0679,0.1812
2023-07-03,375,2023-07-21,c,33.97,33.9,34.3,0.1698,0.2392,92,0,0.9805,0.0027,0.0458,-0.0774,0.1818
2023-07-03,380,2023-07-21,c,28.76,28.56,29.06,0.1415,0.2176,254,6,0.9647,0.0046,0.0677,-0.0906,0.181
2023-07-03,385,2023-07-21,c,24.3,24,24.5,0.1406,0.1935,109,2,0.94,0.0074,0.1116,-0.1065,0.1784
2023-07-03,390,2023-07-21,c,19.35,18.88,19.47,0.1265,0.1731,357,1,0.9037,0.0114,0.1488,-0.1234,0.1734
2023-07-03,395,2023-07-21,c,14.69,14.4,14.9,0.1206,0.148,367,4,0.8535,0.0168,0.2102,-0.1366,0.1655
2023-07-03,400,2023-07-21,c,10.35,10.13,10.54,0.1139,0.1294,716,4,0.7771,0.0248,0.273,-0.1454,0.1522
2023-07-03,405,2023-07-21,c,6.17,6,6.4,0.1028,0.1147,643,23,0.6534,0.0359,0.3382,-0.1444,0.1292
2023-07-03,410,2023-07-21,c,3.14,3.04,3.24,0.0964,0.102,767,15,0.458,0.0436,0.3601,-0.1278,0.0912
2023-07-03,415,2023-07-21,c,1.31,1.25,1.35,0.0949,0.0984,446,39,0.2461,0.0366,0.2816,-0.0901,0.0493
2023-07-03,420,2023-07-21,c,0.5,0.46,0.51,0.0961,0.099,304,65,0.099,0.0207,0.1545,-0.0465,0.0199
2023-07-03,425,2023-07-21,c,0.17,0.15,0.2,0.0993,0.1049,118,6,0.0291,0.008,0.0589,-0.0169,0.0058
2023-07-03,430,2023-07-21,c,0.02,0,0.1,0,0.1151,333,7,0.0064,0.0022,0.0154,-0.0045,0.0013
2023-07-03,435,2023-07-21,c,0,0,0.74,0,0.203,29,0,0.0012,0.0005,0.0038,-0.001,0.0003
2023-07-03,440,2023-07-21,c,0,0,0.3,0,0.1899,93,0,0.0001,0.0001,0.0005,-0.0001,0
2023-07-03,445,2023-07-21,c,0,0,0.4,0,0.2248,18,0,0,0,0.0001,0,0
2023-07-03,450,2023-07-21,c,0,0,0.75,0,0.2823,4,0,0,0,0,0,0
2023-07-03,455,2023-07-21,c,0,0,0.74,0,0.3075,0,0,0,0,0,0,0
2023-07-03,460,2023-07-21,c,0,0,0.75,0,0.3314,13,0,0,0,0,0,0
2023-07-03,465,2023-07-21,c,0,0,0.74,0,0.3549,1,0,0,0,0,0,0
2023-07-03,470,2023-07-21,c,0,0,0.75,0,0.3781,0,0,0,0,0,0,0
2023-07-03,475,2023-07-21,c,0,0,0.74,0,0.4005,5,0,0,0,0,0,0
2023-07-03,480,2023-07-21,c,0,0,0.3,0,0.3603,6,0,0,0,0,0,0
2023-07-03,485,2023-07-21,c,0,0,0.74,0,0.4436,0,0,0,0,0,0,0
2023-07-03,490,2023-07-21,c,0,0,0.15,0,0.3615,1,4,0,0,0,0,0
2023-07-03,180,2023-07-21,p,0,0,0.05,0,1.3004,4,0,0,0,0,0,0
2023-07-03,185,2023-07-21,p,0,0,0.05,0,1.2595,31,0,0,0,0,0,0
2023-07-03,190,2023-07-21,p,0,0,0.05,0,1.2196,0,0,0,0,0,0,0
2023-07-03,195,2023-07-21,p,0,0,0.05,0,1.1809,0,0,0,0,0,0,0
2023-07-03,200,2023-07-21,p,0,0,0.05,0,1.1427,34,0,0,0,0,0,0
2023-07-03,205,2023-07-21,p,0,0,0.05,0,1.1052,10,0,0,0,0,0,0
2023-07-03,210,2023-07-21,p,0,0,0.05,0,1.0687,0,0,0,0,0,0,0
2023-07-03,215,2023-07-21,p,0,0,0.05,0,1.033,0,0,0,0,0,0,0
2023-07-03,220,2023-07-21,p,0,0,0.05,0,0.9982,25,0,0,0,0,0,0
2023-07-03,225,2023-07-21,p,0,0,0.05,0,0.9641,14,0,0,0,0,0,0
2023-07-03,230,2023-07-21,p,0,0,0.05,0,0.9309,10,0,0,0,0,0,0
2023-07-03,235,2023-07-21,p,0,0,0.05,0,0.8983,21,0,0,0,0,0,0
2023-07-03,240,2023-07-21,p,0,0,0.05,0,0.8665,10,0,0,0,0,0,0
2023-07-03,245,2023-07-21,p,0,0,0.05,0,0.8353,3,0,0,0,0,0,0
2023-07-03,250,2023-07-21,p,0,0,0.05,0,0.8048,6,0,0,0,0,0,0
2023-07-03,255,2023-07-21,p,0,0,0.05,0,0.7749,10,0,0,0,0,0,0
2023-07-03,260,2023-07-21,p,0,0,0.05,0,0.7456,40,0,0,0,0,0,0
2023-07-03,265,2023-07-21,p,0,0,0.05,0,0.7169,13,0,0,0,0,0,0
2023-07-03,270,2023-07-21,p,0,0,0.05,0,0.6887,24,0,0,0,0,0,0
2023-07-03,275,2023-07-21,p,0,0,0.05,0,0.6604,62,0,0,0,0,0,0
2023-07-03,280,2023-07-21,p,0,0,0.05,0,0.6325,33,0,0,0,0,0,0
2023-07-03,285,2023-07-21,p,0,0,0.05,0,0.6052,5,0,0,0,0,0,0
2023-07-03,290,2023-07-21,p,0,0,0.75,0,0.8256,25,0,-0.0001,0,0,-0.0003,-0.0017
2023-07-03,295,2023-07-21,p,0,0,0.74,0,0.7902,5,0,-0.0001,0,0,-0.0004,-0.0019
2023-07-03,300,2023-07-21,p,0,0,0.25,0,0.6368,445,0,0,0,0,0,-0.0001
2023-07-03,305,2023-07-21,p,0,0,0.1,0,0.5403,51,0,0,0,0,0,0
2023-07-03,310,2023-07-21,p,0,0,0.1,0,0.5133,58,0,0,0,0,0,0
2023-07-03,315,2023-07-21,p,0,0,0.15,0,0.5114,110,0,0,0,0,0,0
2023-07-03,320,2023-07-21,p,0,0,0.15,0,0.4838,174,0,0,0,0,0,-0.0001
2023-07-03,325,2023-07-21,p,0,0,0.05,0,0.4005,131,0,0,0,0,0,0
2023-07-03,330,2023-07-21,p,0,0,0.15,0,0.4299,268,0,0,0,0,0,-0.0001
2023-07-03,335,2023-07-21,p,0.05,0.05,0.1,0.3528,0.3825,91,0,-0.0071,0,0,-0.0183,-0.1471
2023-07-03,340,2023-07-21,p,0.05,0,0.74,0,0.4893,178,0,-0.0004,0,0,-0.0008,-0.0074
2023-07-03,345,2023-07-21,p,0,0,0.76,0,0.4571,109,0,-0.0004,0,0,-0.0009,-0.0091
2023-07-03,350,2023-07-21,p,0.05,0.05,0.3,0.2822,0.3603,127,0,-0.0146,0,0.0005,-0.0299,-0.3016
2023-07-03,355,2023-07-21,p,0.05,0,0.75,0,0.3935,196,0,-0.0007,0,0.0007,-0.0012,-0.0141
2023-07-03,360,2023-07-21,p,0.05,0.05,0.2,0.236,0.2847,480,0,-0.0143,0.0004,0.0065,-0.0238,-0.2944
2023-07-03,365,2023-07-21,p,0.05,0.05,0.75,0.2132,0.3303,329,0,-0.0307,0.0006,0.0111,-0.0473,-0.632
2023-07-03,370,2023-07-21,p,0.21,0.15,0.25,0.2214,0.2407,207,3,-0.0271,0.0015,0.0239,-0.0363,-0.5569
2023-07-03,375,2023-07-21,p,0.28,0.15,0.35,0.1958,0.2269,170,2,-0.0349,0.0027,0.0458,-0.0409,-0.715
2023-07-03,380,2023-07-21,p,0.29,0.2,0.4,0.1786,0.2036,501,3,-0.0456,0.0046,0.0677,-0.046,-0.9334
2023-07-03,385,2023-07-21,p,0.37,0.3,0.45,0.164,0.1787,166,2,-0.0624,0.0074,0.1116,-0.0528,-1.2754
2023-07-03,390,2023-07-21,p,0.52,0.45,0.54,0.1481,0.1558,215,17,-0.0894,0.0114,0.1488,-0.0616,-1.8272
2023-07-03,395,2023-07-21,p,0.79,0.7,0.85,0.132,0.14,239,11,-0.1408,0.0168,0.2102,-0.0761,-2.8755
2023-07-03,400,2023-07-21,p,1.28,1.19,1.28,0.1176,0.1215,298,25,-0.2275,0.0248,0.273,-0.0903,-4.6475
2023-07-03,405,2023-07-21,p,2.27,2.2,2.4,0.1051,0.111,165,14,-0.3796,0.0359,0.3382,-0.1025,-7.7637
2023-07-03,410,2023-07-21,p,4.24,4.15,4.45,0.0964,0.1049,33,10,-0.5876,0.0436,0.3601,-0.0972,-12.0573
2023-07-03,415,2023-07-21,p,7.65,7.5,7.8,0.0888,0.1015,9,2,-0.7907,0.0366,0.2816,-0.067,-16.3059
2023-07-03,420,2023-07-21,p,12.33,12.06,12.57,0,0.119,1,0,-0.9865,0.0207,0.1545,-0.0029,-20.4416
2023-07-03,425,2023-07-21,p,17.17,16.9,17.4,0,0.1511,0,0,-0.9928,0.008,0.0589,-0.0015,-20.814
2023-07-03,430,2023-07-21,p,22.47,22.19,22.7,0,0.1811,0,0,-0.9955,0.0022,0.0154,-0.0006,-21.1165
2023-07-03,435,2023-07-21,p,27.17,26.9,27.4,0,0.2097,0,0,-0.997,0.0005,0.0038,0,-21.393
2023-07-03,440,2023-07-21,p,32.65,32.38,32.89,0,0.2371,1,0,-0.9979,0.0001,0.0005,0.0004,-21.6574
2023-07-03,445,2023-07-21,p,36.92,36.65,37.15,0,0.2637,0,0,-0.9985,0,0.0001,0.0007,-21.9147
2023-07-03,450,2023-07-21,p,42.8,42.53,43.04,0,0.2891,0,0,-0.9988,0,0,0.0009,-22.1686
2023-07-03,455,2023-07-21,p,46.86,46.59,47.08,0,0.314,0,0,-0.9991,0,0,0.0011,-22.4203
2023-07-03,460,2023-07-21,p,52.17,51.9,52.4,0,0.3385,0,0,-0.9993,0,0,0.0013,-22.6703
2023-07-03,465,2023-07-21,p,56.69,56.43,56.92,0,0.3621,0,0,-0.9994,0,0,0.0014,-22.9197
2023-07-03,470,2023-07-21,p,62.17,61.9,62.4,0,0.3852,0,0,-0.9995,0,0,0.0015,-23.1682
2023-07-03,475,2023-07-21,p,66.61,66.34,66.84,0,0.408,0,0,-0.9996,0,0,0.0016,-23.4163
2023-07-03,480,2023-07-21,p,72.17,71.9,72.4,0,0.4302,0,0,-0.9996,0,0,0.0016,-23.6642
2023-07-03,485,2023-07-21,p,76.4,76.13,76.63,0,0.4517,0,0,-0.9997,0,0,0.0017,-23.9118
2023-07-03,490,2023-07-21,p,82.17,81.9,82.4,0,0.473,0,0,-0.9997,0,0,0.0018,-24.1592
2023-07-03,195,2023-08-18,c,212.03,211.27,212.75,0,1.0205,0,0,1,0,0,-0.029,0.2448
2023-07-03,200,2023-08-18,c,209.21,207.3,210,0,1.0029,0,10,1,0,0,-0.0297,0.2511
2023-07-03,205,2023-08-18,c,201.86,200.53,202.51,0,0.9439,0,0,1,0,0,-0.0305,0.2573
2023-07-03,210,2023-08-18,c,199.27,196.7,200.2,0,0.963,10,0,1,0,0,-0.0312,0.2636
2023-07-03,215,2023-08-18,c,192.04,190.55,192.72,0,0.8917,0,0,1,0,0,-0.0319,0.2699
2023-07-03,220,2023-08-18,c,189.34,188.2,190,0,0.8564,0,0,1,0,0,-0.0327,0.2762
2023-07-03,225,2023-08-18,c,182.23,179.98,183.34,0,0.903,0,0,1,0,0,-0.0334,0.2824
2023-07-03,230,2023-08-18,c,179.41,177.5,180.2,0,0.824,0,0,1,0,0,-0.0342,0.2887
2023-07-03,235,2023-08-18,c,176.78,175.1,177.84,0,0.8362,0,0,1,0,0,-0.0349,0.295
2023-07-03,240,2023-08-18,c,169.48,168.1,170.4,0,0.7907,21,0,1,0,0,-0.0357,0.3013
2023-07-03,245,2023-08-18,c,166.7,165.88,167.3,0,0.7106,0,0,1,0,0,-0.0364,0.3075
2023-07-03,250,2023-08-18,c,158.49,156.55,159.73,0,0.7774,0,0,1,0,0,-0.0371,0.3138
2023-07-03,255,2023-08-18,c,156.9,155.5,157.83,0,0.7108,0,0,1,0,0,-0.0379,0.3201
2023-07-03,260,2023-08-18,c,148.62,147.91,149,0,0.5985,0,0,1,0,0,-0.0386,0.3264
2023-07-03,265,2023-08-18,c,146.82,146.36,147.07,0,0.5433,0,0,1,0,0,-0.0394,0.3326
2023-07-03,270,2023-08-18,c,138.76,138.17,139.17,0,0.5608,0,0,1,0,0,-0.0401,0.3389
2023-07-03,275,2023-08-18,c,134.72,134.2,135.2,0,0.5511,0,0,1,0,0,-0.0409,0.3452
2023-07-03,280,2023-08-18,c,128.68,128.12,129.11,0,0.5232,0,0,1,0,0,-0.0416,0.3515
2023-07-03,285,2023-08-18,c,124.79,124.5,125.2,0,0.4958,0,0,1,0,0,-0.0423,0.3578
2023-07-03,290,2023-08-18,c,118.82,118.21,119.2,0,0.4688,0,0,1,0,0,-0.0431,0.364
2023-07-03,295,2023-08-18,c,114.86,114.3,115.3,0,0.4597,0,0,1,0,0,-0.0438,0.3703
2023-07-03,300,2023-08-18,c,108.79,108.31,109.3,0,0.4486,0,0,1,0,0,-0.0446,0.3766
2023-07-03,305,2023-08-18,c,104.93,104.4,105.4,0,0.4233,0,0,1,0,0,-0.0453,0.3829
2023-07-03,310,2023-08-18,c,98.96,98.31,99.5,0,0.4121,2,0,1,0,0,-0.0461,0.3891
2023-07-03,315,2023-08-18,c,95,94.4,95.6,0,0.3996,0,0,1,0,0.0001,-0.0468,0.3954
2023-07-03,320,2023-08-18,c,88.94,88.36,89.54,0,0.3797,0,0,0.9999,0,0.0001,-0.0468,0.4017
2023-07-03,325,2023-08-18,c,85.07,84.9,85.7,0,0.3622,0,0,0.9999,0,0.0003,-0.0483,0.4079
2023-07-03,330,2023-08-18,c,79.17,78.77,79.86,0,0.3486,1,0,0.9999,0,0.0009,-0.0492,0.4142
2023-07-03,335,2023-08-18,c,75.14,75,75.8,0,0.3255,0,0,0.9997,0.0001,0.0018,-0.0501,0.4203
2023-07-03,340,2023-08-18,c,71.08,71.03,71.85,0,0.3139,20,0,0.9989,0.0001,0.0047,-0.0506,0.4263
2023-07-03,345,2023-08-18,c,65.39,65.3,66,0.212,0.2962,200,0,0.9983,0.0002,0.0086,-0.0526,0.4322
2023-07-03,350,2023-08-18,c,61.04,61,61.81,0,0.2758,0,0,0.9956,0.0005,0.02,-0.0544,0.4371
2023-07-03,355,2023-08-18,c,55.73,55.4,56.1,0.1879,0.258,2,0,0.9935,0.0007,0.0256,-0.0571,0.4422
2023-07-03,360,2023-08-18,c,51.9,51.36,52.07,0.1988,0.2496,201,0,0.9863,0.0014,0.0524,-0.0613,0.4447
2023-07-03,365,2023-08-18,c,45.86,45.49,45.99,0.1956,0.2269,8,0,0.9771,0.0022,0.0797,-0.0665,0.4461
2023-07-03,370,2023-08-18,c,41.99,41.51,42.22,0.1813,0.2186,210,0,0.9636,0.0033,0.1163,-0.0729,0.4453
2023-07-03,375,2023-08-18,c,36.3,35.86,36.55,0.1718,0.2037,9,0,0.9439,0.0048,0.163,-0.0808,0.4411
2023-07-03,380,2023-08-18,c,32.17,31.87,32.48,0.1643,0.1875,80,0,0.9186,0.0065,0.2187,-0.0887,0.4339
2023-07-03,385,2023-08-18,c,26.83,26.58,27.07,0.1566,0.1729,31,6,0.8842,0.0087,0.2825,-0.0972,0.422
2023-07-03,390,2023-08-18,c,22.53,22.2,22.8,0.1449,0.1615,33,3,0.8417,0.0112,0.3502,-0.1044,0.4057
2023-07-03,395,2023-08-18,c,17.98,17.75,18.25,0.1371,0.1491,165,5,0.7877,0.0142,0.418,-0.1098,0.3832
2023-07-03,400,2023-08-18,c,13.97,13.7,14.1,0.1261,0.1345,174,1,0.7201,0.0177,0.4812,-0.112,0.3535
2023-07-03,405,2023-08-18,c,10.02,9.8,10.2,0.1168,0.1241,340,4,0.6339,0.0214,0.5471,-0.1095,0.3139
2023-07-03,410,2023-08-18,c,6.77,6.6,7,0.1081,0.115,230,4,0.5242,0.0248,0.5769,-0.1011,0.2617
2023-07-03,415,2023-08-18,c,4.08,3.96,4.26,0.1013,0.1066,182,2,0.3949,0.0258,0.566,-0.0866,0.1984
2023-07-03,420,2023-08-18,c,2.32,2.25,2.4,0.0977,0.1008,110,10,0.27,0.0229,0.4727,-0.0687,0.1362
2023-07-03,425,2023-08-18,c,1.23,1.14,1.34,0.0953,0.1007,136,1,0.1736,0.0176,0.3762,-0.0513,0.0878
2023-07-03,430,2023-08-18,c,0.65,0.55,0.7,0.0944,0.1005,96,0,0.1071,0.0124,0.271,-0.0364,0.0543
2023-07-03,435,2023-08-18,c,0.33,0.25,0.4,0.0945,0.1039,13,1,0.0628,0.0082,0.1772,-0.0242,0.0319
2023-07-03,440,2023-08-18,c,0.19,0,0.3,0,0.1136,61,0,0.0319,0.0047,0.1058,-0.0136,0.0162
2023-07-03,445,2023-08-18,c,0.08,0,0.74,0,0.155,11,0,0.0144,0.0024,0.0582,-0.0068,0.0073
2023-07-03,450,2023-08-18,c,0.03,0,0.75,0,0.1712,0,0,0.0064,0.0012,0.029,-0.0033,0.0032
2023-07-03,455,2023-08-18,c,0.01,0,0.76,0,0.1868,0,0,0.0026,0.0005,0.013,-0.0015,0.0014
2023-07-03,460,2023-08-18,c,0,0,0.75,0,0.2021,0,0,0.001,0.0002,0.0054,-0.0006,0.0005
2023-07-03,465,2023-08-18,c,0,0,0.76,0,0.217,0,0,0.0004,0.0001,0.002,-0.0002,0.0002
2023-07-03,470,2023-08-18,c,0,0,0.75,0,0.2313,0,0,0.0001,0,0.0007,-0.0001,0.0001
2023-07-03,195,2023-08-18,p,0,0,0.76,0,1.0248,1,0,0,0,0,-0.0001,-0.0009
2023-07-03,200,2023-08-18,p,0,0,0.74,0,0.9933,3,0,0,0,0,-0.0001,-0.001
2023-07-03,205,2023-08-18,p,0,0,0.76,0,0.9626,0,0,0,0,0,-0.0001,-0.0011
2023-07-03,210,2023-08-18,p,0,0,0.74,0,0.9326,0,0,0,0,0,-0.0001,-0.0011
2023-07-03,215,2023-08-18,p,0,0,0.75,0,0.9029,0,0,0,0,0,-0.0001,-0.0012
2023-07-03,220,2023-08-18,p,0,0,0.74,0,0.8737,0,0,0,0,0,-0.0001,-0.0013
2023-07-03,225,2023-08-18,p,0,0,0.75,0,0.8452,0,0,0,0,0,-0.0001,-0.0014
2023-07-03,230,2023-08-18,p,0,0,0.74,0,0.8174,0,0,0,0,0,-0.0001,-0.0015
2023-07-03,235,2023-08-18,p,0,0,0.75,0,0.7902,0,0,0,0,0,-0.0001,-0.0017
2023-07-03,240,2023-08-18,p,0,0,0.74,0,0.7636,0,0,0,0,0,-0.0001,-0.0018
2023-07-03,245,2023-08-18,p,0,0,0.75,0,0.7376,0,0,0,0,0,-0.0001,-0.002
2023-07-03,250,2023-08-18,p,0,0,0.74,0,0.7122,0,0,0,0,0,-0.0001,-0.0022
2023-07-03,255,2023-08-18,p,0,0,0.75,0,0.6872,0,0,0,0,0,-0.0001,-0.0024
2023-07-03,260,2023-08-18,p,0,0,0.74,0,0.6628,12,0,-0.0001,0,0,-0.0001,-0.0027
2023-07-03,265,2023-08-18,p,0,0,0.75,0,0.6389,11,0,-0.0001,0,0,-0.0001,-0.003
2023-07-03,270,2023-08-18,p,0,0,0.74,0,0.6151,0,0,-0.0001,0,0,-0.0001,-0.0033
2023-07-03,275,2023-08-18,p,0,0,0.75,0,0.5913,0,0,-0.0001,0,0,-0.0001,-0.0037
2023-07-03,280,2023-08-18,p,0,0,0.74,0,0.568,0,0,-0.0001,0,0,-0.0001,-0.0041
2023-07-03,285,2023-08-18,p,0,0,0.75,0,0.5452,0,0,-0.0001,0,0,-0.0002,-0.0046
2023-07-03,290,2023-08-18,p,0,0,0.76,0,0.5228,0,0,-0.0001,0,0,-0.0002,-0.0052
2023-07-03,295,2023-08-18,p,0,0,0.75,0,0.5007,0,0,-0.0001,0,0,-0.0002,-0.0059
2023-07-03,300,2023-08-18,p,0,0,0.51,0,0.4473,2,0,0,0,0,-0.0001,-0.0025
2023-07-03,305,2023-08-18,p,0,0,0.74,0,0.4572,0,0,-0.0001,0,0,-0.0002,-0.0077
2023-07-03,310,2023-08-18,p,0,0,0.76,0,0.4357,0,0,-0.0002,0,0,-0.0002,-0.0088
2023-07-03,315,2023-08-18,p,0,0,0.74,0,0.4145,11,0,-0.0002,0,0.0001,-0.0002,-0.0102
2023-07-03,320,2023-08-18,p,0.15,0.15,0.76,0.3077,0.3935,1,0,-0.0222,0,0.0001,-0.0292,-1.1966
2023-07-03,325,2023-08-18,p,0.15,0,0.74,0,0.3732,7,0,-0.0003,0,0.0003,-0.0003,-0.0141
2023-07-03,330,2023-08-18,p,0,0,0.75,0,0.3529,13,0,-0.0003,0,0.0009,-0.0003,-0.0168
2023-07-03,335,2023-08-18,p,0,0,0.74,0,0.3323,0,0,-0.0004,0.0001,0.0018,-0.0004,-0.0201
2023-07-03,340,2023-08-18,p,0.2,0.2,0.6,0.2503,0.2992,12,0,-0.0279,0.0001,0.0047,-0.0277,-1.4897
2023-07-03,345,2023-08-18,p,0.2,0,0.84,0,0.2994,9,0,-0.0007,0.0002,0.0086,-0.0006,-0.0391
2023-07-03,350,2023-08-18,p,0.1,0.1,0.85,0.1968,0.2789,374,0,-0.032,0.0005,0.02,-0.0269,-1.6991
2023-07-03,355,2023-08-18,p,0.1,0,1.09,0,0.274,19,0,-0.002,0.0007,0.0256,-0.0014,-0.1047
2023-07-03,360,2023-08-18,p,0.75,0.3,1.05,0.1957,0.2504,21,0,-0.0532,0.0014,0.0524,-0.0381,-2.8295
2023-07-03,365,2023-08-18,p,0.74,0.64,0.79,0.2062,0.2155,145,1,-0.0645,0.0022,0.0797,-0.0419,-3.4243
2023-07-03,370,2023-08-18,p,0.89,0.8,0.95,0.1957,0.2034,71,0,-0.0795,0.0033,0.1163,-0.0465,-4.2227
2023-07-03,375,2023-08-18,p,1.05,0.89,1.09,0.1806,0.1897,44,1,-0.0953,0.0048,0.163,-0.0494,-5.0523
2023-07-03,380,2023-08-18,p,1.26,1.2,1.4,0.1724,0.1802,37,1,-0.1231,0.0065,0.2187,-0.0566,-6.5285
2023-07-03,385,2023-08-18,p,1.61,1.43,1.68,0.1593,0.1674,42,12,-0.1536,0.0087,0.2825,-0.061,-8.1378
2023-07-03,390,2023-08-18,p,2.04,1.95,2.15,0.1507,0.1563,66,2,-0.1985,0.0112,0.3502,-0.0674,-10.5212
2023-07-03,395,2023-08-18,p,2.7,2.53,2.79,0.1389,0.1448,45,15,-0.2547,0.0142,0.418,-0.0717,-13.4985
2023-07-03,400,2023-08-18,p,3.48,3.3,3.6,0.1277,0.1339,165,5,-0.3297,0.0177,0.4812,-0.0745,-17.477
2023-07-03,405,2023-08-18,p,4.74,4.56,4.86,0.1176,0.1231,19,5,-0.4265,0.0214,0.5471,-0.0742,-22.6301
2023-07-03,410,2023-08-18,p,6.42,6.3,6.6,0.109,0.1143,4,6,-0.5446,0.0248,0.5769,-0.0693,-28.9517
2023-07-03,415,2023-08-18,p,9.09,8.93,9.34,0.0998,0.1077,1,0,-0.6742,0.0258,0.566,-0.0582,-35.9484
2023-07-03,420,2023-08-18,p,12.4,12.22,12.81,0.0881,0.1081,2,0,-0.7945,0.0229,0.4727,-0.0428,-42.5721
2023-07-03,425,2023-08-18,p,17.43,16.95,17.66,0,0.1157,0,0,-0.9767,0.0176,0.3762,-0.0033,-52.3723
2023-07-03,430,2023-08-18,p,22.02,21.75,22.25,0,0.1372,1,0,-0.9843,0.0124,0.271,-0.0023,-53.3919
2023-07-03,435,2023-08-18,p,27.58,27.3,27.81,0,0.1574,0,0,-0.9889,0.0082,0.1772,-0.0015,-54.2552
2023-07-03,440,2023-08-18,p,31.9,31.44,32.23,0,0.1808,0,0,-0.9906,0.0047,0.1058,-0.0036,-54.9745
2023-07-03,445,2023-08-18,p,37.17,36.9,37.4,0,0.194,0,0,-0.9941,0.0024,0.0582,-0.0026,-55.7803
2023-07-03,450,2023-08-18,p,41.82,41.25,42.15,0,0.2178,0,0,-0.9942,0.0012,0.029,-0.0028,-56.4194
2023-07-03,455,2023-08-18,p,47.17,46.9,47.4,0,0.2292,0,0,-0.9962,0.0005,0.013,-0.002,-57.1499
2023-07-03,460,2023-08-18,p,51.65,51.38,51.88,0,0.2461,0,0,-0.9969,0.0002,0.0054,-0.0018,-57.8144
2023-07-03,465,2023-08-18,p,57.17,56.9,57.4,0,0.2627,0,0,-0.9974,0.0001,0.002,-0.0017,-58.4696
2023-07-03,470,2023-08-18,p,61.55,61.28,61.88,0,0.2859,0,0,-0.9972,0,0.0007,-0.0019,-59.0916
2023-07-03,255,2023-09-15,c,155.64,154.9,157.2,0,0.6218,0,0,1,0,0,-0.0377,0.5122
2023-07-03,260,2023-09-15,c,149.19,148.3,149.98,0,0.5332,0,0,1,0,0.0001,-0.0385,0.5223
2023-07-03,265,2023-09-15,c,145.75,145.2,146.4,0,0.496,0,0,1,0,0.0001,-0.0392,0.5323
2023-07-03,270,2023-09-15,c,139.17,138.56,139.85,0,0.4833,0,0,1,0,0.0003,-0.04,0.5423
2023-07-03,275,2023-09-15,c,135.86,135.4,136.6,0,0.4694,0,0,0.9999,0,0.0005,-0.0408,0.5523
2023-07-03,280,2023-09-15,c,129.39,128.88,130.06,0,0.4456,0,0,0.9999,0,0.001,-0.0416,0.5623
2023-07-03,285,2023-09-15,c,126.12,125.5,126.7,0,0.4183,0,0,0.9997,0,0.0021,-0.0444,0.5719
2023-07-03,290,2023-09-15,c,122.8,122.01,123.42,0,0.4056,0,0,0.9994,0,0.0041,-0.0454,0.5817
2023-07-03,295,2023-09-15,c,116.24,115.7,116.9,0,0.3927,0,0,0.999,0.0001,0.0057,-0.0465,0.5914
2023-07-03,300,2023-09-15,c,112.79,112.28,113.49,0,0.3799,0,0,0.9983,0.0001,0.0104,-0.0479,0.6009
2023-07-03,305,2023-09-15,c,106.38,105.8,107.1,0,0.3663,0,0,0.9975,0.0002,0.0141,-0.0493,0.6102
2023-07-03,310,2023-09-15,c,102.97,102.51,103.73,0,0.353,0,0,0.9961,0.0003,0.0241,-0.0511,0.619
2023-07-03,315,2023-09-15,c,95.9,95.36,96.65,0,0.3398,0,0,0.9943,0.0004,0.0312,-0.0531,0.6276
2023-07-03,320,2023-09-15,c,93,92.57,93.79,0,0.3259,0,0,0.992,0.0005,0.0402,-0.0554,0.6356
2023-07-03,325,2023-09-15,c,86.16,85.82,86.92,0,0.3122,0,0,0.989,0.0007,0.0509,-0.058,0.643
2023-07-03,330,2023-09-15,c,81.85,81.6,82.7,0,0.3039,0,0,0.9854,0.0009,0.0641,-0.0607,0.65
2023-07-03,335,2023-09-15,c,76.38,75.96,77.05,0,0.2839,0,0,0.9795,0.0012,0.0969,-0.0646,0.6549
2023-07-03,340,2023-09-15,c,72.18,71.8,73,0.1746,0.28,0,0,0.9732,0.0015,0.1178,-0.0682,0.6595
2023-07-03,345,2023-09-15,c,66.81,66.44,67.63,0.1897,0.2695,0,0,0.9656,0.0018,0.1421,-0.0721,0.663
2023-07-03,350,2023-09-15,c,62.69,62.3,63.1,0.2004,0.2456,0,0,0.9569,0.0023,0.1691,-0.0759,0.6655
2023-07-03,355,2023-09-15,c,57.37,56.83,57.92,0.189,0.2426,0,0,0.9457,0.0028,0.1999,-0.0804,0.6658
2023-07-03,360,2023-09-15,c,53.18,52.6,53.7,0.1833,0.2304,0,0,0.9333,0.0034,0.2331,-0.0844,0.6652
2023-07-03,365,2023-09-15,c,47.95,47.52,48.41,0.1845,0.2171,0,0,0.9195,0.0041,0.2691,-0.088,0.6633
2023-07-03,370,2023-09-15,c,43.75,43.3,44.2,0.1778,0.2063,400,0,0.9029,0.0049,0.3074,-0.0915,0.6591
2023-07-03,375,2023-09-15,c,38.69,38.25,39.14,0.1722,0.1969,0,0,0.8821,0.0058,0.3489,-0.0952,0.6512
2023-07-03,380,2023-09-15,c,34.55,34.1,35,0.1639,0.186,3,0,0.8586,0.0069,0.4281,-0.0979,0.641
2023-07-03,385,2023-09-15,c,29.67,29.35,30.05,0.1585,0.1735,250,0,0.8293,0.0083,0.4722,-0.1004,0.6257
2023-07-03,390,2023-09-15,c,25.62,25.3,25.8,0.1498,0.1596,25,0,0.7941,0.0098,0.5169,-0.102,0.6055
2023-07-03,395,2023-09-15,c,21.6,21.38,21.89,0.1424,0.1509,136,0,0.7522,0.0117,0.5902,-0.102,0.5795
2023-07-03,400,2023-09-15,c,17.27,17,17.5,0.133,0.1409,5,0,0.6997,0.0138,0.6322,-0.1006,0.5444
2023-07-03,405,2023-09-15,c,13.6,13.38,13.88,0.1245,0.1318,6,0,0.6343,0.0161,0.6894,-0.0971,0.4981
2023-07-03,410,2023-09-15,c,10.01,9.8,10.2,0.1171,0.1226,8,0,0.5533,0.0181,0.7302,-0.0914,0.438
2023-07-03,415,2023-09-15,c,7.11,6.99,7.3,0.1105,0.1147,20,0,0.4593,0.0193,0.7294,-0.0823,0.3662
2023-07-03,420,2023-09-15,c,4.67,4.47,4.77,0.1042,0.1086,122,2,0.3592,0.0191,0.672,-0.0708,0.288
2023-07-03,425,2023-09-15,c,2.98,2.89,3.15,0.1012,0.1053,6,0,0.2625,0.0173,0.6236,-0.0569,0.2114
2023-07-03,430,2023-09-15,c,1.78,1.69,1.89,0.0988,0.1028,10,0,0.1818,0.0143,0.4973,-0.0436,0.147
2023-07-03,435,2023-09-15,c,1.07,1.01,1.17,0.0981,0.1023,22,6,0.1225,0.0109,0.3589,-0.0326,0.0992
2023-07-03,440,2023-09-15,c,0.62,0.55,0.64,0.0973,0.1011,94,7,0.0822,0.008,0.277,-0.0241,0.0666
2023-07-03,445,2023-09-15,c,0.39,0.3,0.45,0.0975,0.1055,1,0,0.0528,0.0056,0.2055,-0.0169,0.0429
2023-07-03,450,2023-09-15,c,0.24,0.05,0.74,0.0834,0.1309,0,0,0.0321,0.0037,0.1467,-0.0112,0.0261
2023-07-03,455,2023-09-15,c,0.11,0,0.75,0,0.1429,0,0,0.017,0.0022,0.0831,-0.0064,0.0138
2023-07-03,460,2023-09-15,c,0.06,0,0.74,0,0.1549,0,0,0.0092,0.0013,0.0515,-0.0037,0.0075
2023-07-03,465,2023-09-15,c,0.03,0,0.75,0,0.1666,0,0,0.0048,0.0007,0.0251,-0.0021,0.0039
2023-07-03,470,2023-09-15,c,0.01,0,0.74,0,0.1781,0,0,0.0024,0.0004,0.0146,-0.0011,0.002
2023-07-03,475,2023-09-15,c,0.01,0,0.75,0,0.1894,0,0,0.0011,0.0002,0.0081,-0.0006,0.0009
2023-07-03,480,2023-09-15,c,0,0,0.74,0,0.2005,0,0,0.0005,0.0001,0.003,-0.0003,0.0004
2023-07-03,485,2023-09-15,c,0,0,0.75,0,0.2111,0,0,0.0002,0,0.0015,-0.0001,0.0002
2023-07-03,490,2023-09-15,c,0,0,0.74,0,0.2216,0,0,0.0001,0,0.0007,-0.0001,0.0001
2023-07-03,495,2023-09-15,c,0,0,0.75,0,0.2319,0,0,0,0,0.0003,0,0
2023-07-03,500,2023-09-15,c,0,0,0.74,0,0.242,0,0,0,0,0.0001,0,0
2023-07-03,255,2023-09-15,p,0,0,0.75,0,0.5464,1,0,-0.0001,0,0,-0.0001,-0.0045
2023-07-03,260,2023-09-15,p,0,0,0.76,0,0.5272,0,0,-0.0001,0,0.0001,-0.0001,-0.005
2023-07-03,265,2023-09-15,p,0,0,0.75,0,0.5079,6,0,-0.0001,0,0.0001,-0.0001,-0.0055
2023-07-03,270,2023-09-15,p,0,0,0.76,0,0.4889,0,0,-0.0001,0,0.0003,-0.0001,-0.0061
2023-07-03,275,2023-09-15,p,0,0,0.75,0,0.4703,0,0,-0.0001,0,0.0005,-0.0001,-0.0068
2023-07-03,280,2023-09-15,p,0,0,0.76,0,0.452,0,0,-0.0001,0,0.001,-0.0001,-0.0076
2023-07-03,285,2023-09-15,p,0,0.05,0.74,0.3059,0.4346,0,0,-0.0127,0,0.0021,-0.015,-1.114
2023-07-03,290,2023-09-15,p,0.05,0.05,0.76,0.2925,0.4171,0,0,-0.0133,0,0.0041,-0.015,-1.1652
2023-07-03,295,2023-09-15,p,0.05,0.05,0.74,0.2793,0.3997,0,0,-0.014,0.0001,0.0057,-0.015,-1.2204
2023-07-03,300,2023-09-15,p,0.05,0.05,0.76,0.2664,0.3822,0,0,-0.0147,0.0001,0.0104,-0.0149,-1.2782
2023-07-03,305,2023-09-15,p,0.1,0.1,0.74,0.2738,0.365,0,0,-0.0181,0.0002,0.0141,-0.0176,-1.576
2023-07-03,310,2023-09-15,p,0.1,0.1,0.75,0.2605,0.3481,0,0,-0.019,0.0003,0.0241,-0.0175,-1.6581
2023-07-03,315,2023-09-15,p,0.45,0.15,0.79,0.2603,0.3357,0,0,-0.023,0.0004,0.0312,-0.0201,-2.0017
2023-07-03,320,2023-09-15,p,0.71,0.2,0.85,0.2562,0.3226,0,0,-0.0268,0.0005,0.0402,-0.0222,-2.3321
2023-07-03,325,2023-09-15,p,0.82,0.25,0.99,0.2501,0.3159,0,0,-0.0322,0.0007,0.0509,-0.0253,-2.8051
2023-07-03,330,2023-09-15,p,0.86,0.4,1.05,0.2536,0.3017,9,0,-0.0392,0.0009,0.0641,-0.0291,-3.4111
2023-07-03,335,2023-09-15,p,0.86,0.35,1.09,0.2338,0.2878,1,0,-0.0411,0.0012,0.0969,-0.0284,-3.5701
2023-07-03,340,2023-09-15,p,0.91,0.45,1.2,0.2286,0.2761,29,0,-0.0483,0.0015,0.1178,-0.0313,-4.1927
2023-07-03,345,2023-09-15,p,0.92,0.54,1.29,0.2218,0.264,0,0,-0.0561,0.0018,0.1421,-0.0339,-4.8632
2023-07-03,350,2023-09-15,p,1.01,0.95,1.15,0.2303,0.2402,0,0,-0.0667,0.0023,0.1691,-0.0376,-5.7815
2023-07-03,355,2023-09-15,p,1.19,1.09,1.24,0.2212,0.2276,7,0,-0.0766,0.0028,0.1999,-0.0399,-6.6404
2023-07-03,360,2023-09-15,p,1.38,1.25,1.5,0.2109,0.2204,19,0,-0.0905,0.0034,0.2331,-0.0434,-7.8334
2023-07-03,365,2023-09-15,p,1.56,1.43,1.73,0.2014,0.2114,7,0,-0.1066,0.0041,0.2691,-0.0468,-9.225
2023-07-03,370,2023-09-15,p,1.81,1.7,1.9,0.192,0.1983,2,3,-0.1238,0.0049,0.3074,-0.0493,-10.7048
2023-07-03,375,2023-09-15,p,2.15,2.03,2.23,0.1827,0.1881,10,0,-0.1465,0.0058,0.3489,-0.0525,-12.6563
2023-07-03,380,2023-09-15,p,2.47,2.35,2.6,0.1729,0.1788,18,0,-0.1745,0.0069,0.4281,-0.0558,-15.0702
2023-07-03,385,2023-09-15,p,3,2.84,3.14,0.1633,0.1696,4,0,-0.2089,0.0083,0.4722,-0.059,-18.0379
2023-07-03,390,2023-09-15,p,3.57,3.4,3.7,0.1544,0.1601,5,0,-0.2511,0.0098,0.5169,-0.0618,-21.6835
2023-07-03,395,2023-09-15,p,4.34,4.16,4.57,0.1446,0.1513,13,1,-0.3025,0.0117,0.5902,-0.0636,-26.1165
2023-07-03,400,2023-09-15,p,5.18,4.97,5.36,0.1345,0.1408,33,7,-0.3642,0.0138,0.6322,-0.0637,-31.4449
2023-07-03,405,2023-09-15,p,6.5,6.29,6.7,0.1248,0.1306,21,0,-0.4395,0.0161,0.6894,-0.0621,-37.9533
2023-07-03,410,2023-09-15,p,8.07,7.85,8.24,0.1166,0.1222,1,0,-0.5282,0.0181,0.7302,-0.0588,-45.6782
2023-07-03,415,2023-09-15,p,10.46,10.1,10.8,0.1075,0.1179,0,0,-0.6251,0.0193,0.7294,-0.0532,-54.1982
2023-07-03,420,2023-09-15,p,13.5,12.99,14.08,0.0991,0.1189,1,0,-0.7182,0.0191,0.672,-0.0462,-62.5452
2023-07-03,425,2023-09-15,p,17.43,17.1,17.8,0,0.1133,0,0,-0.9465,0.0173,0.6236,-0.0089,-81.7913
2023-07-03,430,2023-09-15,p,21.99,21.72,22.31,0,0.1234,0,0,-0.9715,0.0143,0.4973,-0.0067,-84.8466
2023-07-03,435,2023-09-15,p,27.17,26.9,27.8,0,0.15,0,0,-0.9716,0.0109,0.3589,-0.0081,-85.8721
2023-07-03,440,2023-09-15,p,31.85,31.58,32.17,0,0.157,0,0,-0.9839,0.008,0.277,-0.0062,-87.8931
2023-07-03,445,2023-09-15,p,37.17,36.8,38,0,0.1894,0,0,-0.9791,0.0056,0.2055,-0.0083,-88.5155
2023-07-03,450,2023-09-15,p,41.75,41.28,42.47,0,0.2025,0,0,-0.984,0.0037,0.1467,-0.0076,-89.9327
2023-07-03,455,2023-09-15,p,47.17,46.8,47.9,0,0.2196,0,0,-0.9857,0.0022,0.0831,-0.005,-91.0848
2023-07-03,460,2023-09-15,p,51.56,51.2,52.28,0,0.2346,0,0,-0.9879,0.0013,0.0515,-0.0046,-92.2747
2023-07-03,465,2023-09-15,p,57.17,56.8,57.9,0,0.2493,0,0,-0.9896,0.0007,0.0251,-0.0043,-93.4272
2023-07-03,470,2023-09-15,p,61.44,61.08,62.26,0,0.2672,0,0,-0.9901,0.0004,0.0146,-0.0044,-94.482
2023-07-03,475,2023-09-15,p,67.17,66.8,67.8,0,0.2736,0,0,-0.9927,0.0002,0.0081,-0.0034,-95.7134
2023-07-03,480,2023-09-15,p,73.13,72.86,73.77,0,0.2871,0,0,-0.9936,0.0001,0.003,-0.0032,-96.7943
2023-07-03,485,2023-09-15,p,77.17,76.8,77.9,0,0.3045,0,0,-0.9937,0,0.0015,-0.0034,-97.8186
2023-07-03,490,2023-09-15,p,83.27,82.89,83.9,0,0.3135,0,0,-0.9949,0,0.0007,-0.0029,-98.9268
2023-07-03,495,2023-09-15,p,87.17,86.7,87.8,0,0.3261,0,0,-0.9954,0,0.0003,-0.0027,-99.9823
2023-07-03,500,2023-09-15,p,93.4,92.82,94.24,0,0.3473,0,0,-0.9949,0,0.0001,-0.0032,-100.9568
2023-07-03,180,2023-10-20,c,227.68,227.77,230.06,0.5668,0.8974,1,0,0.9962,0,0,-0.0125,0.5294
2023-07-03,185,2023-10-20,c,227.65,227.26,229.39,0,0.8173,0,0,0.9962,0,0,-0.0132,0.5441
2023-07-03,190,2023-10-20,c,217.91,217.84,220.22,0,0.8409,0,0,0.9962,0,0,-0.0139,0.5588
2023-07-03,195,2023-10-20,c,217.67,217.62,219.34,0,0.7641,6,0,0.9962,0,0,-0.0147,0.5735
2023-07-03,200,2023-10-20,c,207.79,207.26,209.44,0,0.7425,0,0,0.9962,0,0,-0.0154,0.5882
2023-07-03,205,2023-10-20,c,204.62,204.5,206.9,0,0.7651,3,0,0.9962,0,0.0001,-0.0162,0.6029
2023-07-03,210,2023-10-20,c,198.04,197.94,199.62,0,0.6932,3,0,0.9962,0,0.0001,-0.0169,0.6176
2023-07-03,215,2023-10-20,c,194.78,194.8,197.1,0.3922,0.722,3,0,0.9962,0,0.0002,-0.0177,0.6323
2023-07-03,220,2023-10-20,c,188.28,188.12,189.8,0,0.6463,4,0,0.9962,0,0.0003,-0.0184,0.647
2023-07-03,225,2023-10-20,c,184.95,184.5,186.5,0,0.6274,0,0,0.9962,0,0.0004,-0.0192,0.6617
2023-07-03,230,2023-10-20,c,178.23,178,180.18,0,0.636,3,0,0.9961,0,0.0008,-0.02,0.6764
2023-07-03,235,2023-10-20,c,175.49,175.2,176.5,0.3962,0.5761,3,0,0.9961,0,0.0012,-0.0208,0.691
2023-07-03,240,2023-10-20,c,168.21,168.2,169.98,0,0.5842,0,0,0.9953,0,0.0018,-0.019,0.7056
2023-07-03,245,2023-10-20,c,165.28,165,166.7,0,0.5417,0,0,0.9959,0,0.0035,-0.0225,0.7201
2023-07-03,250,2023-10-20,c,158.49,158.33,159.91,0,0.5251,3,0,0.9957,0,0.005,-0.0234,0.7346
2023-07-03,255,2023-10-20,c,155.18,154.9,156.9,0,0.525,3,0,0.9942,0.0001,0.0095,-0.0223,0.7483
2023-07-03,260,2023-10-20,c,148.53,148.45,150.23,0,0.508,11,0,0.9936,0.0001,0.0128,-0.0236,0.7622
2023-07-03,265,2023-10-20,c,145.37,144.5,147.5,0,0.5118,0,0,0.993,0.0001,0.0172,-0.0249,0.7761
2023-07-03,270,2023-10-20,c,143.22,142.68,143.99,0.3665,0.4692,6,0,0.992,0.0002,0.0227,-0.0264,0.7896
2023-07-03,275,2023-10-20,c,135.59,134.6,138.1,0,0.4954,0,0,0.991,0.0002,0.0297,-0.0278,0.803
2023-07-03,280,2023-10-20,c,133.88,132.85,134.06,0.3534,0.4366,12,0,0.9892,0.0003,0.0384,-0.0299,0.8154
2023-07-03,285,2023-10-20,c,127.21,126.2,127.4,0.3404,0.4203,0,0,0.9881,0.0003,0.049,-0.0314,0.8286
2023-07-03,290,2023-10-20,c,124.23,123.12,124.44,0.3275,0.4091,12,0,0.9869,0.0004,0.0495,-0.0329,0.8417
2023-07-03,295,2023-10-20,c,116.68,115.62,116.92,0.3151,0.3936,6,0,0.9846,0.0005,0.0624,-0.035,0.8535
2023-07-03,300,2023-10-20,c,114.3,113.27,114.59,0.3115,0.3825,7,0,0.9808,0.0006,0.0787,-0.038,0.8632
2023-07-03,305,2023-10-20,c,106.9,105.89,107.28,0.2902,0.3666,0,0,0.9785,0.0007,0.0968,-0.0397,0.875
2023-07-03,310,2023-10-20,c,104.3,103.33,104.65,0.2858,0.3516,0,0,0.9723,0.0009,0.1197,-0.0438,0.8816
2023-07-03,315,2023-10-20,c,97.05,96.09,97.48,0.2722,0.3396,0,0,0.9718,0.001,0.1198,-0.0442,0.8957
2023-07-03,320,2023-10-20,c,93,92.2,93.4,0.2719,0.3242,1,0,0.9658,0.0012,0.1453,-0.0475,0.9027
2023-07-03,325,2023-10-20,c,87.39,86.77,87.76,0.2689,0.309,5,0,0.9588,0.0014,0.175,-0.0511,0.9083
2023-07-03,330,2023-10-20,c,83.21,82.4,83.9,0.2461,0.3038,5,0,0.9502,0.0017,0.2083,-0.0552,0.9117
2023-07-03,335,2023-10-20,c,77.59,76.82,78.31,0.2376,0.2912,1,0,0.9423,0.002,0.245,-0.0584,0.9162
2023-07-03,340,2023-10-20,c,73.58,72.9,74.3,0.2326,0.2786,1,0,0.9336,0.0023,0.2846,-0.0615,0.9197
2023-07-03,345,2023-10-20,c,68.17,67.32,68.9,0.2189,0.2679,0,0,0.9249,0.0026,0.2873,-0.0642,0.9231
2023-07-03,350,2023-10-20,c,64.13,63.5,64.8,0.2186,0.2548,3,0,0.9151,0.003,0.3302,-0.0666,0.9253
2023-07-03,355,2023-10-20,c,58.88,58.21,59.5,0.2101,0.2432,0,0,0.905,0.0034,0.375,-0.0687,0.927
2023-07-03,360,2023-10-20,c,54.81,54.3,55.4,0.2058,0.2315,20,0,0.8929,0.0039,0.3785,-0.0709,0.9261
2023-07-03,365,2023-10-20,c,49.71,49.12,50.21,0.1975,0.2211,4,0,0.8768,0.0044,0.4275,-0.0738,0.9201
2023-07-03,370,2023-10-20,c,45.67,45.2,46.3,0.1901,0.2118,66,0,0.8604,0.0051,0.4768,-0.0757,0.9137
2023-07-03,375,2023-10-20,c,40.68,40.23,41.02,0.1816,0.1963,50,0,0.8405,0.0058,0.5277,-0.0778,0.9028
2023-07-03,380,2023-10-20,c,36.66,36.2,37.3,0.1717,0.1902,99,0,0.8159,0.0067,0.5795,-0.08,0.8859
2023-07-03,385,2023-10-20,c,32.69,32.33,32.83,0.1638,0.1718,35,0,0.7883,0.0077,0.6306,-0.0815,0.865
2023-07-03,390,2023-10-20,c,27.94,27.7,28.3,0.1558,0.1646,40,2,0.7557,0.0088,0.6807,-0.0825,0.8379
2023-07-03,395,2023-10-20,c,24.16,23.91,24.32,0.1474,0.1527,161,0,0.7174,0.01,0.759,-0.0828,0.8034
2023-07-03,400,2023-10-20,c,19.72,19.47,19.97,0.1379,0.1441,168,1,0.6726,0.0113,0.8001,-0.082,0.7605
2023-07-03,405,2023-10-20,c,16.4,16.14,16.65,0.1298,0.1357,208,0,0.6195,0.0127,0.8483,-0.0802,0.7068
2023-07-03,410,2023-10-20,c,12.7,12.42,12.91,0.1221,0.1278,153,12,0.5578,0.014,0.8788,-0.0768,0.6418
2023-07-03,415,2023-10-20,c,9.8,9.64,10.05,0.1154,0.1199,444,0,0.4869,0.0153,0.8926,-0.071,0.5648
2023-07-03,420,2023-10-20,c,7.06,6.85,7.25,0.1091,0.1137,202,0,0.4082,0.0158,0.8808,-0.064,0.4767
2023-07-03,425,2023-10-20,c,4.97,4.8,5.2,0.1039,0.1089,539,1,0.3262,0.0155,0.7886,-0.055,0.3832
2023-07-03,430,2023-10-20,c,3.42,3.27,3.57,0.1012,0.1054,115,0,0.2514,0.0141,0.715,-0.0462,0.2966
2023-07-03,435,2023-10-20,c,2.27,2.15,2.4,0.0986,0.1027,24,4,0.1849,0.0121,0.6261,-0.0369,0.2189
2023-07-03,440,2023-10-20,c,1.5,1.39,1.59,0.0977,0.1017,95,0,0.1333,0.0098,0.455,-0.0289,0.1582
2023-07-03,445,2023-10-20,c,0.98,0.9,1.1,0.0975,0.1026,62,6,0.0948,0.0076,0.3552,-0.0223,0.1127
2023-07-03,450,2023-10-20,c,0.64,0.54,0.69,0.0969,0.1021,29,1,0.0667,0.0058,0.3164,-0.0169,0.0794
2023-07-03,455,2023-10-20,c,0.47,0.2,0.75,0.0889,0.114,20,0,0.0453,0.0042,0.2309,-0.0123,0.054
2023-07-03,460,2023-10-20,c,0.26,0.05,0.74,0.0805,0.1241,5,0,0.0298,0.003,0.1617,-0.0086,0.0356
2023-07-03,465,2023-10-20,c,0.12,0,0.75,0,0.1361,3,0,0.0154,0.0017,0.1001,-0.0047,0.0185
2023-07-03,470,2023-10-20,c,0.07,0,0.74,0,0.1456,1,0,0.0093,0.0011,0.064,-0.003,0.0111
2023-07-03,475,2023-10-20,c,0.04,0,0.75,0,0.155,0,0,0.0054,0.0007,0.0392,-0.0018,0.0065
2023-07-03,180,2023-10-20,p,0,0,0.74,0,0.7361,42,0,0,0,0,0,-0.002
2023-07-03,185,2023-10-20,p,0,0,0.75,0,0.7139,5,0,0,0,0,0,-0.0021
2023-07-03,190,2023-10-20,p,0,0,0.76,0,0.6923,13,0,0,0,0,0,-0.0023
2023-07-03,195,2023-10-20,p,0,0,0.75,0,0.6713,12,0,0,0,0,0,-0.0025
2023-07-03,200,2023-10-20,p,0,0,0.76,0,0.6509,20,0,0,0,0,0,-0.0027
2023-07-03,205,2023-10-20,p,0,0,0.75,0,0.6306,25,0,0,0,0.0001,0,-0.0029
2023-07-03,210,2023-10-20,p,0,0,0.76,0,0.6108,34,0,0,0,0.0001,0,-0.0031
2023-07-03,215,2023-10-20,p,0,0,0.74,0,0.5914,0,0,0,0,0.0002,0,-0.0033
2023-07-03,220,2023-10-20,p,0,0,0.76,0,0.5725,7,0,0,0,0.0003,0,-0.0036
2023-07-03,225,2023-10-20,p,0,0,0.74,0,0.5541,30,0,0,0,0.0004,0,-0.0039
2023-07-03,230,2023-10-20,p,0,0,0.76,0,0.5361,16,0,0,0,0.0008,0,-0.0043
2023-07-03,235,2023-10-20,p,0,0,0.74,0,0.5185,0,0,0,0,0.0012,0,-0.0047
2023-07-03,240,2023-10-20,p,0,0.05,0.75,0.3591,0.5008,20,0,-0.0089,0,0.0018,-0.0106,-1.1712
2023-07-03,245,2023-10-20,p,0.05,0,0.74,0,0.4844,1,0,0,0,0.0035,0,-0.0056
2023-07-03,250,2023-10-20,p,0.01,0,0.75,0,0.468,36,0,0,0,0.005,0,-0.0063
2023-07-03,255,2023-10-20,p,0.03,0.05,0.74,0.3216,0.4513,6,0,-0.01,0.0001,0.0095,-0.0106,-1.3127
2023-07-03,260,2023-10-20,p,0.05,0.05,0.75,0.3095,0.4355,9,0,-0.0104,0.0001,0.0128,-0.0106,-1.3656
2023-07-03,265,2023-10-20,p,0.05,0.1,0.74,0.32,0.4195,3,0,-0.0128,0.0001,0.0172,-0.0125,-1.6803
2023-07-03,270,2023-10-20,p,0.1,0.1,0.85,0.3076,0.4124,21,0,-0.0142,0.0002,0.0227,-0.0133,-1.8581
2023-07-03,275,2023-10-20,p,0.2,0.2,0.84,0.3208,0.397,8,0,-0.0177,0.0002,0.0297,-0.016,-2.3162
2023-07-03,280,2023-10-20,p,0.2,0.15,0.9,0.2972,0.3854,2,0,-0.0176,0.0003,0.0384,-0.0152,-2.296
2023-07-03,285,2023-10-20,p,0.17,0.2,1.28,0.2954,0.3961,505,0,-0.0234,0.0003,0.049,-0.0196,-3.0685
2023-07-03,290,2023-10-20,p,0.25,0.25,1.75,0.2912,0.4037,49,0,-0.0295,0.0004,0.0495,-0.0239,-3.8772
2023-07-03,295,2023-10-20,p,0.25,0.3,1.78,0.286,0.3899,4,0,-0.0327,0.0005,0.0624,-0.0253,-4.2844
2023-07-03,300,2023-10-20,p,0.4,0.35,1.45,0.2795,0.3571,97,0,-0.0322,0.0006,0.0787,-0.0236,-4.2097
2023-07-03,305,2023-10-20,p,0.41,0.41,1.93,0.2719,0.3621,9,0,-0.0392,0.0007,0.0968,-0.0275,-5.1228
2023-07-03,310,2023-10-20,p,0.56,0.45,1.4,0.2642,0.324,56,0,-0.0373,0.0009,0.1197,-0.0245,-4.8478
2023-07-03,315,2023-10-20,p,0.57,0.56,2.28,0.2597,0.3436,13,0,-0.0499,0.001,0.1198,-0.0318,-6.5165
2023-07-03,320,2023-10-20,p,1.25,0.65,2.05,0.2537,0.3204,202,0,-0.0525,0.0012,0.1453,-0.0316,-6.8448
2023-07-03,325,2023-10-20,p,1.27,0.76,1.88,0.2471,0.2977,13,0,-0.0553,0.0014,0.175,-0.0312,-7.1789
2023-07-03,330,2023-10-20,p,1.27,1.09,1.39,0.2517,0.265,50,0,-0.0586,0.0017,0.2083,-0.031,-7.5874
2023-07-03,335,2023-10-20,p,1.4,1.32,1.47,0.2465,0.2525,93,0,-0.0659,0.002,0.245,-0.0328,-8.5269
2023-07-03,340,2023-10-20,p,1.54,1.44,1.59,0.2382,0.2434,43,0,-0.0743,0.0023,0.2846,-0.0347,-9.6093
2023-07-03,345,2023-10-20,p,1.72,1.65,1.8,0.2306,0.2357,64,0,-0.0849,0.0026,0.2873,-0.0372,-10.9719
2023-07-03,350,2023-10-20,p,1.92,1.83,1.98,0.2223,0.2268,71,4,-0.0961,0.003,0.3302,-0.0393,-12.4078
2023-07-03,355,2023-10-20,p,2.15,2.05,2.25,0.2132,0.2185,46,0,-0.1091,0.0034,0.375,-0.0414,-14.0768
2023-07-03,360,2023-10-20,p,2.37,2.33,2.48,0.2059,0.2096,25,0,-0.1247,0.0039,0.3785,-0.0438,-16.0782
2023-07-03,365,2023-10-20,p,2.75,2.6,2.8,0.1962,0.2008,57,0,-0.1414,0.0044,0.4275,-0.0456,-18.2167
2023-07-03,370,2023-10-20,p,3.04,2.97,3.17,0.1889,0.193,50,3,-0.163,0.0051,0.4768,-0.0482,-20.9936
2023-07-03,375,2023-10-20,p,3.49,3.4,3.6,0.1803,0.184,40,0,-0.1866,0.0058,0.5277,-0.0501,-24.0176
2023-07-03,380,2023-10-20,p,3.98,3.86,4.06,0.1722,0.1756,45,0,-0.2148,0.0067,0.5795,-0.052,-27.6363
2023-07-03,385,2023-10-20,p,4.61,4.5,4.7,0.1642,0.1673,13,0,-0.2479,0.0077,0.6306,-0.0536,-31.8933
2023-07-03,390,2023-10-20,p,5.26,5.14,5.44,0.1559,0.1603,32,0,-0.2872,0.0088,0.6807,-0.055,-36.9547
2023-07-03,395,2023-10-20,p,6.18,6,6.3,0.1472,0.1511,25,0,-0.3314,0.01,0.759,-0.055,-42.6401
2023-07-03,400,2023-10-20,p,7.11,6.92,7.31,0.1385,0.1435,58,0,-0.3839,0.0113,0.8001,-0.0545,-49.4141
2023-07-03,405,2023-10-20,p,8.5,8.3,8.7,0.1309,0.1356,14,0,-0.4444,0.0127,0.8483,-0.0529,-57.2392
2023-07-03,410,2023-10-20,p,10.04,9.78,10.18,0.123,0.1276,1,0,-0.5127,0.014,0.8788,-0.0496,-66.115
2023-07-03,415,2023-10-20,p,12.06,12,12.4,0.1163,0.121,0,0,-0.5871,0.0153,0.8926,-0.045,-75.868
2023-07-03,420,2023-10-20,p,14.75,14.39,15.2,0.1039,0.1147,5,0,-0.6704,0.0158,0.8808,-0.0373,-86.7555
2023-07-03,425,2023-10-20,p,17.62,17.3,18.3,0.088,0.1098,0,0,-0.7603,0.0155,0.7886,-0.027,-98.5856
2023-07-03,430,2023-10-20,p,22.55,21.89,23.21,0,0.1198,0,0,-0.9388,0.0141,0.715,-0.001,-121.0531
2023-07-03,435,2023-10-20,p,26.99,25.33,27.91,0,0.1405,0,0,-0.9461,0.0121,0.6261,-0.0006,-123.4335
2023-07-03,440,2023-10-20,p,32.65,31.97,33.39,0,0.1517,0,0,-0.9606,0.0098,0.455,0.0015,-126.6716
2023-07-03,445,2023-10-20,p,36.92,36.06,37.85,0,0.1712,0,0,-0.9633,0.0076,0.3552,0.0016,-128.4906
2023-07-03,450,2023-10-20,p,42.8,41.92,43.75,0,0.1857,0,0,-0.9688,0.0058,0.3164,0.0023,-130.6529
2023-07-03,455,2023-10-20,p,46.86,46.09,47.58,0,0.1945,0,0,-0.9765,0.0042,0.2309,0.0038,-133.0624
2023-07-03,460,2023-10-20,p,52.17,51.3,53,0,0.2104,0,0,-0.9783,0.003,0.1617,0.0038,-134.7797
2023-07-03,465,2023-10-20,p,56.69,55.93,57.42,0,0.2121,0,0,-0.9872,0.0017,0.1001,-0.0036,-137.3404
2023-07-03,470,2023-10-20,p,62.17,61.1,63.2,0,0.2327,0,0,-0.9861,0.0011,0.064,-0.0042,-138.6946
2023-07-03,475,2023-10-20,p,66.61,65.75,67.53,0,0.242,0,0,-0.9885,0.0007,0.0392,-0.0037,-140.4773
2023-07-03,205,2023-12-15,c,206.31,205.6,207.3,0,0.5414,0,0,0.9962,0,0,-0.0207,0.9049
2023-07-03,210,2023-12-15,c,199.43,198.69,200.38,0,0.5228,0,0,0.9962,0,0,-0.0215,0.927
2023-07-03,215,2023-12-15,c,196.56,195.6,198,0,0.542,0,0,0.9962,0,0.0001,-0.0222,0.949
2023-07-03,220,2023-12-15,c,189.76,188.99,190.77,0,0.4949,0,0,0.9962,0,0.0001,-0.0229,0.9711
2023-07-03,225,2023-12-15,c,186.81,186.1,187.8,0,0.4776,0,0,0.9962,0,0.0002,-0.0237,0.9932
2023-07-03,230,2023-12-15,c,179.36,179.18,180.86,0,0.4977,0,0,0.9951,0,0.0004,-0.0217,1.0152
2023-07-03,235,2023-12-15,c,176.6,176.3,178.1,0,0.4803,0,0,0.9951,0,0.0009,-0.0225,1.0372
2023-07-03,240,2023-12-15,c,169.73,169.5,171.28,0,0.4694,0,0,0.995,0,0.0013,-0.0232,1.0592
2023-07-03,245,2023-12-15,c,166.85,166.3,168.5,0,0.458,0,0,0.995,0,0.0018,-0.024,1.0811
2023-07-03,250,2023-12-15,c,164.14,164.16,165.88,0.2602,0.4468,0,0,0.9948,0,0.0036,-0.0248,1.103
2023-07-03,255,2023-12-15,c,157.8,157.3,158.9,0.3093,0.4359,0,0,0.9947,0,0.0052,-0.0257,1.1247
2023-07-03,260,2023-12-15,c,155.19,154.33,156.15,0.2648,0.4239,0,0,0.9944,0,0.0072,-0.0266,1.1463
2023-07-03,265,2023-12-15,c,148.25,147.7,149.4,0.3085,0.4167,0,0,0.9941,0.0001,0.01,-0.0276,1.1677
2023-07-03,270,2023-12-15,c,145.36,144.81,146.53,0.3058,0.4055,0,0,0.9936,0.0001,0.0135,-0.0286,1.1887
2023-07-03,275,2023-12-15,c,137.79,137.08,138.87,0.2913,0.3941,0,0,0.9928,0.0001,0.0222,-0.0297,1.2093
2023-07-03,280,2023-12-15,c,135.95,135.3,137.02,0.2959,0.3822,0,0,0.9919,0.0002,0.0243,-0.0309,1.2296
2023-07-03,285,2023-12-15,c,128.34,127.64,129.33,0.2895,0.3706,0,0,0.9906,0.0002,0.0408,-0.0322,1.2491
2023-07-03,290,2023-12-15,c,126.35,125.56,127.28,0.283,0.3592,0,0,0.989,0.0003,0.0528,-0.0337,1.2679
2023-07-03,295,2023-12-15,c,118.79,118.01,119.6,0.2817,0.3476,0,0,0.9868,0.0004,0.0671,-0.0353,1.2857
2023-07-03,300,2023-12-15,c,115.01,114.4,115.7,0.2838,0.3327,0,0,0.9842,0.0005,0.0847,-0.037,1.3028
2023-07-03,305,2023-12-15,c,109.39,108.59,110.17,0.2703,0.3271,0,0,0.981,0.0006,0.1055,-0.0389,1.3185
2023-07-03,310,2023-12-15,c,105.96,104.8,106.3,0.2652,0.3156,0,0,0.9772,0.0007,0.1303,-0.041,1.333
2023-07-03,315,2023-12-15,c,100.38,99.17,100.75,0.2562,0.3062,0,0,0.9723,0.0009,0.1589,-0.0432,1.3456
2023-07-03,320,2023-12-15,c,96.45,95.4,96.9,0.2537,0.2969,0,0,0.9667,0.0011,0.1923,-0.0457,1.3565
2023-07-03,325,2023-12-15,c,90.75,89.79,91.18,0.2468,0.2849,8,0,0.9597,0.0013,0.2298,-0.0483,1.3649
2023-07-03,330,2023-12-15,c,87.01,86,87.4,0.2394,0.2749,0,0,0.9523,0.0016,0.2339,-0.0509,1.3721
2023-07-03,335,2023-12-15,c,81.52,80.68,81.97,0.2368,0.2674,0,0,0.9432,0.0019,0.2769,-0.0537,1.3762
2023-07-03,340,2023-12-15,c,77.66,76.9,78.1,0.2306,0.2567,0,0,0.9327,0.0022,0.3241,-0.0566,1.3774
2023-07-03,345,2023-12-15,c,72.14,71.36,72.54,0.2214,0.2462,0,0,0.921,0.0025,0.3756,-0.0595,1.3764
2023-07-03,350,2023-12-15,c,68.31,67.8,68.9,0.218,0.2388,0,0,0.908,0.0029,0.4304,-0.0623,1.3727
2023-07-03,355,2023-12-15,c,63.06,62.46,63.65,0.2098,0.2312,0,0,0.8935,0.0033,0.4886,-0.0651,1.3659
2023-07-03,360,2023-12-15,c,59.33,58.7,59.9,0.2027,0.2225,2,0,0.8772,0.0037,0.5491,-0.0678,1.3554
2023-07-03,365,2023-12-15,c,55.62,55.02,56.24,0.1964,0.2149,0,0,0.8595,0.0042,0.6108,-0.0703,1.3423
2023-07-03,370,2023-12-15,c,50.53,49.9,51.1,0.1893,0.2069,1,0,0.8397,0.0047,0.673,-0.0726,1.325
2023-07-03,375,2023-12-15,c,46.8,46.21,47.42,0.1829,0.199,0,0,0.8185,0.0053,0.734,-0.0745,1.3049
2023-07-03,380,2023-12-15,c,41.92,41.3,42.5,0.1755,0.1904,0,0,0.7948,0.0058,0.7932,-0.0761,1.2797
2023-07-03,385,2023-12-15,c,38.27,37.66,38.87,0.1681,0.1823,0,0,0.7688,0.0065,0.8081,-0.0772,1.2502
2023-07-03,390,2023-12-15,c,33.36,32.78,33.87,0.161,0.1733,0,0,0.74,0.0072,0.8663,-0.0778,1.215
2023-07-03,395,2023-12-15,c,29.95,29.54,30.45,0.1548,0.1644,23,0,0.7082,0.0079,0.921,-0.0777,1.1741
2023-07-03,400,2023-12-15,c,25.44,25.13,25.63,0.1482,0.1532,9,0,0.6725,0.0087,0.9916,-0.077,1.1255
2023-07-03,405,2023-12-15,c,21.86,21.6,22.1,0.1408,0.1457,29,0,0.6325,0.0095,1.0298,-0.0756,1.0681
2023-07-03,410,2023-12-15,c,18.23,17.95,18.44,0.1338,0.1385,183,1,0.5874,0.0104,1.0643,-0.0732,1.0008
2023-07-03,415,2023-12-15,c,15.12,14.9,15.4,0.1277,0.1323,12,1,0.537,0.0112,1.096,-0.07,0.9227
2023-07-03,420,2023-12-15,c,12.1,11.9,12.3,0.1219,0.1255,683,0,0.4814,0.0118,1.0932,-0.0658,0.8333
2023-07-03,425,2023-12-15,c,9.59,9.4,9.8,0.1164,0.1202,10,0,0.4217,0.0121,1.056,-0.0607,0.735
2023-07-03,430,2023-12-15,c,7.29,7.13,7.52,0.1119,0.1158,3,0,0.3609,0.012,1.0573,-0.055,0.6326
2023-07-03,435,2023-12-15,c,5.52,5.4,5.7,0.1082,0.1113,7,0,0.3034,0.0114,0.97,-0.0491,0.534
2023-07-03,440,2023-12-15,c,4.02,3.86,4.16,0.1046,0.108,15,0,0.2516,0.0105,0.8533,-0.0434,0.4443
2023-07-03,445,2023-12-15,c,2.9,2.8,3.1,0.1023,0.1063,38,0,0.2074,0.0094,0.808,-0.0381,0.3671
2023-07-03,450,2023-12-15,c,2.04,1.88,2.12,0.0995,0.1035,1,0,0.1706,0.0083,0.6611,-0.0335,0.3026
2023-07-03,455,2023-12-15,c,1.42,1.25,1.6,0.0972,0.1039,3,6,0.1401,0.0071,0.6011,-0.0292,0.2488
2023-07-03,460,2023-12-15,c,0.98,0.84,1.09,0.0966,0.1026,9,0,0.1147,0.0061,0.5384,-0.0253,0.2038
2023-07-03,465,2023-12-15,c,0.65,0.55,0.8,0.0955,0.1034,0,0,0.0927,0.0052,0.4778,-0.0216,0.165
2023-07-03,470,2023-12-15,c,0.59,0.2,0.94,0.0866,0.1154,1,0,0.0739,0.0043,0.4188,-0.0181,0.1317
2023-07-03,475,2023-12-15,c,0.6,0.05,0.75,0.0776,0.1172,0,0,0.0592,0.0036,0.2992,-0.0152,0.1056
2023-07-03,480,2023-12-15,c,0.61,0.05,0.76,0.0831,0.1246,1,0,0.0455,0.0029,0.2564,-0.0122,0.0812
2023-07-03,485,2023-12-15,c,0.32,0,0.5,0,0.1249,7,0,0.0271,0.002,0.1642,-0.0074,0.0485
2023-07-03,490,2023-12-15,c,0.23,0,0.76,0,0.1418,0,0,0.0197,0.0015,0.1353,-0.0056,0.0354
2023-07-03,495,2023-12-15,c,0.16,0,0.74,0,0.1487,0,0,0.0142,0.0011,0.1107,-0.0042,0.0255
2023-07-03,500,2023-12-15,c,0.11,0,0.76,0,0.1555,10,0,0.0102,0.0008,0.0685,-0.0031,0.0183
2023-07-03,205,2023-12-15,p,0,0,0.4,0,0.4728,0,0,0,0,0,0,-0.001
2023-07-03,210,2023-12-15,p,0,0,0.76,0,0.5014,0,0,0,0,0,0,-0.0055
2023-07-03,215,2023-12-15,p,0,0,0.74,0,0.4858,0,0,0,0,0.0001,0,-0.006
2023-07-03,220,2023-12-15,p,0,0,0.75,0,0.4705,0,0,0,0,0.0001,0,-0.0066
2023-07-03,225,2023-12-15,p,0,0,0.74,0,0.4556,0,0,0,0,0.0002,0,-0.0072
2023-07-03,230,2023-12-15,p,0,0.05,0.75,0.3172,0.4404,0,0,-0.0089,0,0.0004,-0.0076,-1.7804
2023-07-03,235,2023-12-15,p,0.05,0.05,0.79,0.3063,0.4309,0,0,-0.0095,0,0.0009,-0.0079,-1.917
2023-07-03,240,2023-12-15,p,0.05,0.05,0.8,0.2957,0.4169,0,0,-0.0099,0,0.0013,-0.0079,-1.9914
2023-07-03,245,2023-12-15,p,0.26,0.1,0.84,0.3063,0.4067,0,0,-0.0125,0,0.0018,-0.0096,-2.5098
2023-07-03,250,2023-12-15,p,0.28,0.15,0.8,0.309,0.3891,0,0,-0.014,0,0.0036,-0.0104,-2.8051
2023-07-03,255,2023-12-15,p,0.31,0.2,0.84,0.3087,0.3794,0,0,-0.0161,0,0.0052,-0.0116,-3.2402
2023-07-03,260,2023-12-15,p,0.42,0.2,1.1,0.2975,0.3826,0,0,-0.0188,0,0.0072,-0.013,-3.783
2023-07-03,265,2023-12-15,p,0.46,0.25,1.14,0.2948,0.3722,0,0,-0.0212,0.0001,0.01,-0.0141,-4.2504
2023-07-03,270,2023-12-15,p,0.47,0.35,1,0.297,0.3499,0,0,-0.0228,0.0001,0.0135,-0.0146,-4.5574
2023-07-03,275,2023-12-15,p,0.63,0.2,1.28,0.2654,0.3537,0,0,-0.0231,0.0001,0.0222,-0.0141,-4.6186
2023-07-03,280,2023-12-15,p,1.28,0.3,1.4,0.2689,0.3455,0,0,-0.0275,0.0002,0.0243,-0.0162,-5.4948
2023-07-03,285,2023-12-15,p,1.34,0.35,1.52,0.2638,0.3368,0,0,-0.0307,0.0002,0.0408,-0.0174,-6.13
2023-07-03,290,2023-12-15,p,1.39,0.4,1.6,0.2578,0.3278,0,0,-0.034,0.0003,0.0528,-0.0184,-6.7786
2023-07-03,295,2023-12-15,p,1.41,0.46,1.72,0.2516,0.319,0,0,-0.0376,0.0004,0.0671,-0.0195,-7.4972
2023-07-03,300,2023-12-15,p,1.39,0.8,1.55,0.2646,0.3001,6,0,-0.0439,0.0005,0.0847,-0.0219,-8.7539
2023-07-03,305,2023-12-15,p,1.58,0.91,1.78,0.2586,0.2949,0,0,-0.0496,0.0006,0.1055,-0.0236,-9.8906
2023-07-03,310,2023-12-15,p,1.67,1.09,1.89,0.2566,0.2874,0,0,-0.0564,0.0007,0.1303,-0.0257,-11.2511
2023-07-03,315,2023-12-15,p,1.73,1.47,1.83,0.259,0.2714,1,0,-0.0627,0.0009,0.1589,-0.0273,-12.506
2023-07-03,320,2023-12-15,p,1.83,1.64,1.94,0.2539,0.2634,0,0,-0.0699,0.0011,0.1923,-0.0289,-13.9283
2023-07-03,325,2023-12-15,p,2.04,1.78,2.13,0.2448,0.2553,0,0,-0.0764,0.0013,0.2298,-0.03,-15.2159
2023-07-03,330,2023-12-15,p,2.19,2.08,2.28,0.2429,0.2482,4,0,-0.0869,0.0016,0.2339,-0.0324,-17.3145
2023-07-03,335,2023-12-15,p,2.43,2.3,2.5,0.2354,0.2406,2,0,-0.096,0.0019,0.2769,-0.0338,-19.1116
2023-07-03,340,2023-12-15,p,2.64,2.53,2.68,0.2289,0.2323,4,0,-0.1064,0.0022,0.3241,-0.0353,-21.1525
2023-07-03,345,2023-12-15,p,2.92,2.8,3,0.2217,0.2262,0,0,-0.1186,0.0025,0.3756,-0.0371,-23.5699
2023-07-03,350,2023-12-15,p,3.21,3.07,3.37,0.2149,0.2209,20,0,-0.1329,0.0029,0.4304,-0.0391,-26.4184
2023-07-03,355,2023-12-15,p,3.59,3.5,3.7,0.2094,0.213,7,0,-0.1482,0.0033,0.4886,-0.0408,-29.4454
2023-07-03,360,2023-12-15,p,3.94,3.76,4.06,0.2012,0.2064,9,0,-0.1647,0.0037,0.5491,-0.0422,-32.7018
2023-07-03,365,2023-12-15,p,4.39,4.3,4.5,0.1956,0.1988,3,0,-0.184,0.0042,0.6108,-0.0438,-36.5313
2023-07-03,370,2023-12-15,p,4.85,4.65,4.95,0.1876,0.1919,1,0,-0.2048,0.0047,0.673,-0.0449,-40.6284
2023-07-03,375,2023-12-15,p,5.43,5.3,5.6,0.1816,0.1856,0,0,-0.2297,0.0053,0.734,-0.0464,-45.5749
2023-07-03,380,2023-12-15,p,6.02,5.83,6.13,0.1746,0.1783,7,0,-0.2565,0.0058,0.7932,-0.0473,-50.874
2023-07-03,385,2023-12-15,p,6.79,6.6,7,0.1676,0.1724,99,0,-0.2873,0.0065,0.8081,-0.0481,-56.9969
2023-07-03,390,2023-12-15,p,7.55,7.31,7.71,0.1606,0.165,15,0,-0.321,0.0072,0.8663,-0.0483,-63.675
2023-07-03,395,2023-12-15,p,8.6,8.4,8.8,0.1543,0.1585,5,0,-0.3596,0.0079,0.921,-0.0483,-71.3516
2023-07-03,400,2023-12-15,p,9.89,9.63,10.13,0.1474,0.1524,8,0,-0.402,0.0087,0.9916,-0.0477,-79.8207
2023-07-03,405,2023-12-15,p,11.09,10.9,11.3,0.1415,0.1454,0,0,-0.4491,0.0095,1.0298,-0.0464,-89.2395
2023-07-03,410,2023-12-15,p,12.84,12.57,13.07,0.1343,0.1391,3,0,-0.5004,0.0104,1.0643,-0.0441,-99.5285
2023-07-03,415,2023-12-15,p,14.54,14.3,14.8,0.1281,0.133,0,0,-0.5557,0.0112,1.096,-0.0412,-110.7164
2023-07-03,420,2023-12-15,p,17.03,16.85,17.36,0.122,0.1271,0,0,-0.6144,0.0118,1.0932,-0.0373,-122.6507
2023-07-03,425,2023-12-15,p,19.32,18.97,19.77,0.1125,0.122,0,0,-0.6774,0.0121,1.056,-0.0319,-135.4722
2023-07-03,430,2023-12-15,p,22.97,22.74,23.65,0.1012,0.1176,0,0,-0.7432,0.012,1.0573,-0.0254,-148.9694
2023-07-03,435,2023-12-15,p,27.12,26.52,27.52,0,0.1219,0,0,-0.9324,0.0114,0.97,-0.0009,-184.3721
2023-07-03,440,2023-12-15,p,32.17,31,33.3,0,0.1466,0,0,-0.9277,0.0105,0.8533,-0.002,-185.8294
2023-07-03,445,2023-12-15,p,36.86,36,37.68,0,0.1548,0,0,-0.9442,0.0094,0.808,-0.0001,-191.0686
2023-07-03,450,2023-12-15,p,42.17,41.1,43.2,0,0.1714,0,0,-0.9476,0.0083,0.6611,0.0001,-193.9543
2023-07-03,455,2023-12-15,p,46.78,45.91,47.7,0,0.182,0,0,-0.9556,0.0071,0.6011,0.0011,-197.6652
2023-07-03,460,2023-12-15,p,52.17,51.1,53.2,0,0.1959,0,0,-0.9591,0.0061,0.5384,0.0015,-200.5727
2023-07-03,465,2023-12-15,p,56.6,55.64,57.42,0,0.2034,0,0,-0.9663,0.0052,0.4778,0.0026,-204.1397
2023-07-03,470,2023-12-15,p,62.17,61.2,63.1,0,0.2167,0,0,-0.9686,0.0043,0.4188,0.0027,-206.8074
2023-07-03,475,2023-12-15,p,66.5,65.64,67.32,0,0.2254,0,0,-0.9728,0.0036,0.2992,0.0035,-209.8256
2023-07-03,480,2023-12-15,p,72.17,71.2,73.1,0,0.2382,0,0,-0.9742,0.0029,0.2564,0.0034,-212.3492
2023-07-03,485,2023-12-15,p,76.27,74.72,77.98,0,0.2556,0,0,-0.9758,0.002,0.1642,-0.006,-214.9254
2023-07-03,490,2023-12-15,p,82.17,81.2,83.1,0,0.2489,0,0,-0.9843,0.0015,0.1353,-0.0041,-218.6894
2023-07-03,495,2023-12-15,p,86.15,85.19,87.17,0,0.2609,0,0,-0.9848,0.0011,0.1107,-0.0041,-221.0545
2023-07-03,500,2023-12-15,p,92.17,91.1,93.2,0,0.2703,0,0,-0.986,0.0008,0.0685,-0.004,-223.5294
2023-07-03,165,2024-01-19,c,241.71,241.45,244.32,0,0.7423,19,0,0.9925,0,0.0007,-0.0084,0.8737
2023-07-03,170,2024-01-19,c,239.71,239.5,242.2,0,0.7134,113,0,0.9925,0,0.0007,-0.0091,0.9018
2023-07-03,175,2024-01-19,c,237.99,237.12,240.06,0,0.6675,3,0,0.9925,0,0.0012,-0.0099,0.9293
2023-07-03,180,2024-01-19,c,230,229.6,232.4,0,0.6686,11,0,0.9924,0,0.0015,-0.0106,0.9565
2023-07-03,185,2024-01-19,c,228.15,227.29,230.43,0,0.6417,0,0,0.9924,0,0.0021,-0.0114,0.9835
2023-07-03,190,2024-01-19,c,218.83,217.94,221.02,0,0.6208,1,0,0.9923,0,0.0029,-0.0122,1.0103
2023-07-03,195,2024-01-19,c,218.68,218.53,221.17,0,0.616,2,0,0.9921,0,0.0041,-0.013,1.0368
2023-07-03,200,2024-01-19,c,209.2,208.1,211.38,0,0.5855,13,0,0.992,0,0.0057,-0.0138,1.0632
2023-07-03,205,2024-01-19,c,209.29,207.77,211.12,0,0.5498,0,0,0.9915,0,0.0105,-0.017,1.0865
2023-07-03,210,2024-01-19,c,200.03,198.67,201.35,0,0.5057,3,0,0.9911,0,0.0142,-0.0181,1.1121
2023-07-03,215,2024-01-19,c,196.55,195.2,198.3,0,0.5163,0,0,0.9906,0.0001,0.0191,-0.0192,1.1376
2023-07-03,220,2024-01-19,c,190.12,188.81,192.28,0,0.5226,3,0,0.9901,0.0001,0.0252,-0.0203,1.1629
2023-07-03,225,2024-01-19,c,186.9,186.2,188,0,0.4501,0,0,0.9894,0.0001,0.0257,-0.0215,1.1877
2023-07-03,230,2024-01-19,c,180.57,179.79,182.37,0,0.4765,4,0,0.9884,0.0001,0.0339,-0.0228,1.212
2023-07-03,235,2024-01-19,c,177.28,176.5,178.4,0,0.4271,20,0,0.9874,0.0002,0.0438,-0.0242,1.236
2023-07-03,240,2024-01-19,c,170.77,169.98,172.46,0,0.4467,12,0,0.986,0.0002,0.0565,-0.0257,1.2593
2023-07-03,245,2024-01-19,c,167.69,166.9,168.8,0,0.4051,115,0,0.9847,0.0002,0.0714,-0.0271,1.2826
2023-07-03,250,2024-01-19,c,161.27,160.58,163.05,0,0.4256,25,0,0.9832,0.0003,0.0724,-0.0286,1.3055
2023-07-03,255,2024-01-19,c,158.13,156.5,159.7,0,0.4053,56,0,0.9813,0.0003,0.0911,-0.0302,1.3274
2023-07-03,260,2024-01-19,c,151.58,149.93,153.69,0,0.4161,49,0,0.9792,0.0004,0.1128,-0.0319,1.3488
2023-07-03,265,2024-01-19,c,148.62,147.9,149.8,0,0.3697,25,0,0.9765,0.0004,0.1146,-0.0338,1.3688
2023-07-03,270,2024-01-19,c,142.27,141.43,143.31,0,0.3584,14,0,0.9725,0.0005,0.1417,-0.0364,1.3855
2023-07-03,275,2024-01-19,c,139.24,138.4,140.2,0.1993,0.3474,45,0,0.9691,0.0006,0.1719,-0.0383,1.4039
2023-07-03,280,2024-01-19,c,136.33,135.38,137.21,0.2087,0.3367,102,0,0.9654,0.0007,0.1744,-0.0405,1.4213
2023-07-03,285,2024-01-19,c,129.89,128.9,130.6,0.2272,0.3259,47,0,0.9609,0.0008,0.2101,-0.0428,1.4367
2023-07-03,290,2024-01-19,c,126.91,125.96,127.78,0.2426,0.3249,52,0,0.956,0.0009,0.2499,-0.0451,1.4512
2023-07-03,295,2024-01-19,c,120.41,119.7,121.1,0.2488,0.3074,113,7,0.9513,0.001,0.253,-0.0471,1.4663
2023-07-03,300,2024-01-19,c,117.43,116.72,118.15,0.2465,0.2997,91,5,0.9463,0.0011,0.2976,-0.0492,1.4805
2023-07-03,305,2024-01-19,c,110.25,109.56,110.96,0.2428,0.2915,55,0,0.9406,0.0013,0.3411,-0.0513,1.4932
2023-07-03,310,2024-01-19,c,107.89,107.18,108.6,0.2381,0.2835,44,0,0.9336,0.0014,0.3509,-0.0537,1.5025
2023-07-03,315,2024-01-19,c,100.95,100.23,101.62,0.2332,0.2749,250,0,0.9267,0.0016,0.4046,-0.0559,1.5122
2023-07-03,320,2024-01-19,c,98.41,97.74,99.17,0.2306,0.2687,11,0,0.9191,0.0017,0.4096,-0.058,1.5199
2023-07-03,325,2024-01-19,c,91.55,90.84,92.22,0.224,0.2597,29,0,0.9107,0.0019,0.4671,-0.0602,1.5259
2023-07-03,330,2024-01-19,c,87.73,87,88.4,0.22,0.2526,49,0,0.9013,0.0021,0.4732,-0.0625,1.5293
2023-07-03,335,2024-01-19,c,82.45,81.81,83.1,0.2173,0.2454,26,0,0.892,0.0023,0.5341,-0.0643,1.5332
2023-07-03,340,2024-01-19,c,78.63,77.9,79.4,0.2113,0.2412,102,0,0.8818,0.0025,0.5969,-0.0662,1.5349
2023-07-03,345,2024-01-19,c,73.41,72.76,73.95,0.2091,0.2311,39,0,0.8704,0.0028,0.6041,-0.068,1.5334
2023-07-03,350,2024-01-19,c,69.65,69,70.5,0.2037,0.2291,128,0,0.8585,0.003,0.6687,-0.0696,1.531
2023-07-03,355,2024-01-19,c,64.56,63.86,65.04,0.1975,0.2167,22,0,0.8456,0.0033,0.6766,-0.071,1.5263
2023-07-03,360,2024-01-19,c,60.71,60.1,61.4,0.1925,0.2119,86,0,0.8321,0.0036,0.741,-0.072,1.5203
2023-07-03,365,2024-01-19,c,55.88,55.24,56.43,0.1881,0.2045,170,3,0.8169,0.004,0.8046,-0.0732,1.5099
2023-07-03,370,2024-01-19,c,52.13,51.5,52.8,0.1826,0.1993,188,0,0.8008,0.0044,0.8145,-0.0738,1.4977
2023-07-03,375,2024-01-19,c,47.36,46.75,47.93,0.1776,0.1922,278,1,0.7831,0.0048,0.8759,-0.0742,1.4815
2023-07-03,380,2024-01-19,c,43.75,43.1,44.4,0.1716,0.1864,489,0,0.764,0.0052,0.9331,-0.0744,1.4623
2023-07-03,385,2024-01-19,c,39.18,38.54,39.83,0.1659,0.1798,145,0,0.7424,0.0057,0.947,-0.0741,1.4373
2023-07-03,390,2024-01-19,c,35.61,35,36.2,0.1602,0.1723,74,0,0.7185,0.0063,1.0014,-0.0735,1.4068
2023-07-03,395,2024-01-19,c,31.98,31.51,32.63,0.1544,0.1649,127,1,0.6917,0.0069,1.0506,-0.0725,1.3696
2023-07-03,400,2024-01-19,c,27.68,27.3,27.8,0.1483,0.1528,418,0,0.6611,0.0076,1.0944,-0.0711,1.3232
2023-07-03,405,2024-01-19,c,24.25,24.02,24.52,0.1426,0.1471,189,0,0.6265,0.0084,1.1324,-0.0691,1.2673
2023-07-03,410,2024-01-19,c,20.49,20.2,20.8,0.1364,0.1416,258,11,0.5868,0.0091,1.1658,-0.0664,1.199
2023-07-03,415,2024-01-19,c,17.5,17.26,17.76,0.1312,0.1354,279,1,0.5414,0.0099,1.1951,-0.0631,1.1172
2023-07-03,420,2024-01-19,c,14.14,13.91,14.4,0.1258,0.13,261,5,0.4903,0.0106,1.1857,-0.059,1.0208
2023-07-03,425,2024-01-19,c,11.71,11.47,11.98,0.1207,0.1249,122,0,0.4342,0.0111,1.197,-0.0543,0.911
2023-07-03,430,2024-01-19,c,9.11,8.94,9.34,0.1169,0.1204,338,0,0.375,0.0112,1.1348,-0.0489,0.7923
2023-07-03,435,2024-01-19,c,7.19,7,7.4,0.1131,0.1168,307,0,0.3158,0.0109,1.0384,-0.0432,0.671
2023-07-03,440,2024-01-19,c,5.47,5.36,5.65,0.1106,0.1136,447,240,0.26,0.0103,1.0107,-0.0374,0.555
2023-07-03,445,2024-01-19,c,4.19,4,4.4,0.1075,0.1118,150,4,0.2104,0.0093,0.8715,-0.032,0.4509
2023-07-03,450,2024-01-19,c,3.14,2.98,3.27,0.106,0.1098,571,0,0.1679,0.0082,0.7191,-0.027,0.3608
2023-07-03,455,2024-01-19,c,2.37,2.2,2.6,0.1046,0.1102,137,0,0.1332,0.007,0.6597,-0.0226,0.2868
2023-07-03,460,2024-01-19,c,1.72,1.53,1.93,0.1027,0.1096,207,1,0.1047,0.0059,0.5953,-0.0188,0.226
2023-07-03,465,2024-01-19,c,1.27,1.05,1.45,0.1006,0.109,61,0,0.0825,0.0049,0.4468,-0.0156,0.1782
2023-07-03,470,2024-01-19,c,0.91,0.79,1.04,0.1019,0.1081,29,0,0.0643,0.004,0.3893,-0.0128,0.1392
2023-07-03,475,2024-01-19,c,0.67,0.55,0.8,0.1011,0.109,122,0,0.0501,0.0033,0.3336,-0.0104,0.1084
2023-07-03,480,2024-01-19,c,0.47,0.2,0.89,0.0911,0.1185,33,0,0.0387,0.0026,0.2435,-0.0084,0.0839
2023-07-03,485,2024-01-19,c,0.45,0.15,0.7,0.0928,0.1192,16,0,0.0297,0.0021,0.1903,-0.0068,0.0645
2023-07-03,490,2024-01-19,c,0.26,0.1,0.74,0.0932,0.1272,30,0,0.0224,0.0017,0.1565,-0.0053,0.0486
2023-07-03,495,2024-01-19,c,0.2,0.05,0.75,0.0908,0.1336,133,0,0.0168,0.0013,0.1276,-0.0041,0.0365
2023-07-03,500,2024-01-19,c,0.2,0.05,0.35,0.0955,0.1228,114,0,0.0131,0.001,0.101,-0.0034,0.0285
2023-07-03,505,2024-01-19,c,0.2,0,0.75,0,0.1469,21,0,0.0063,0.0006,0.063,-0.0016,0.0137
2023-07-03,510,2024-01-19,c,0.2,0,0.35,0,0.1347,27,0,0.0047,0.0004,0.0361,-0.0013,0.0103
2023-07-03,515,2024-01-19,c,0.2,0,0.75,0,0.1589,16,0,0.003,0.0003,0.0283,-0.0008,0.0065
2023-07-03,520,2024-01-19,c,0.2,0,0.76,0,0.1647,170,0,0.002,0.0002,0.0213,-0.0006,0.0044
2023-07-03,525,2024-01-19,c,0.2,0,0.74,0,0.1705,11,0,0.0013,0.0001,0.014,-0.0004,0.0029
2023-07-03,530,2024-01-19,c,0.2,0,0.76,0,0.1761,14,0,0.0009,0.0001,0.0084,-0.0003,0.0019
2023-07-03,535,2024-01-19,c,0.2,0,0.74,0,0.1816,17,0,0.0006,0.0001,0.006,-0.0002,0.0013
2023-07-03,540,2024-01-19,c,0.2,0,0.76,0,0.187,5,0,0.0004,0,0.0043,-0.0001,0.0008
2023-07-03,545,2024-01-19,c,0.2,0,0.74,0,0.1923,21,0,0.0002,0,0.003,-0.0001,0.0005
2023-07-03,550,2024-01-19,c,0.2,0,0.75,0,0.1976,23,0,0.0001,0,0.0021,-0.0001,0.0003
2023-07-03,555,2024-01-19,c,0.2,0,0.74,0,0.2028,104,0,0.0001,0,0.0015,0,0.0002
2023-07-03,560,2024-01-19,c,0.2,0,0.75,0,0.208,11,0,0.0001,0,0.0007,0,0.0001
2023-07-03,565,2024-01-19,c,0.2,0.05,0.2,0.1506,0.1757,1267,0,0,0,0.0007,0,0.0001
2023-07-03,570,2024-01-19,c,0,0,0.75,0,0.2181,9,0,0,0,0.0003,0,0
2023-07-03,575,2024-01-19,c,0,0,0.74,0,0.2231,3,0,0,0,0.0002,0,0
2023-07-03,580,2024-01-19,c,0,0,0.75,0,0.228,286,0,0,0,0.0001,0,0
2023-07-03,585,2024-01-19,c,0,0,0.74,0,0.2328,0,0,0,0,0.0001,0,0
2023-07-03,590,2024-01-19,c,0,0,0.75,0,0.2375,0,0,0,0,0.0001,0,0
2023-07-03,595,2024-01-19,c,0,0,0.74,0,0.2421,0,0,0,0,0,0,0
2023-07-03,600,2024-01-19,c,0,0,0.75,0,0.2467,40,0,0,0,0,0,0
2023-07-03,605,2024-01-19,c,0,0,0.74,0,0.2512,12,0,0,0,0,0,0
2023-07-03,610,2024-01-19,c,0,0,0.75,0,0.2557,10,0,0,0,0,0,0
2023-07-03,615,2024-01-19,c,0,0,0.76,0,0.2601,25,0,0,0,0,0,0
2023-07-03,620,2024-01-19,c,0,0,0.75,0,0.2645,5,0,0,0,0,0,0
2023-07-03,625,2024-01-19,c,0,0,0.76,0,0.2689,4,0,0,0,0,0,0
2023-07-03,630,2024-01-19,c,0,0,0.05,0,0.1984,335,0,0,0,0,0,0
2023-07-03,635,2024-01-19,c,0,0,0.76,0,0.2775,50,0,0,0,0,0,0
2023-07-03,640,2024-01-19,c,0,0,0.74,0,0.2817,1,0,0,0,0,0,0
2023-07-03,645,2024-01-19,c,0,0,0.76,0,0.2859,0,0,0,0,0,0,0
2023-07-03,650,2024-01-19,c,0,0,0.74,0,0.2901,7,0,0,0,0,0,0
2023-07-03,165,2024-01-19,p,0,0,0.76,0,0.6015,100,0,0,0,0.0007,0,-0.0035
2023-07-03,170,2024-01-19,p,0,0,0.74,0,0.5836,11,0,0,0,0.0007,0,-0.0037
2023-07-03,175,2024-01-19,p,0,0,0.75,0,0.5662,4,0,0,0,0.0012,0,-0.004
2023-07-03,180,2024-01-19,p,0,0,0.74,0,0.5494,40,0,0,0,0.0015,0,-0.0044
2023-07-03,185,2024-01-19,p,0,0,0.75,0,0.5331,6,0,0,0,0.0021,0,-0.0047
2023-07-03,190,2024-01-19,p,0.01,0,0.74,0,0.5169,2,0,0,0,0.0029,0,-0.0051
2023-07-03,195,2024-01-19,p,0.01,0,0.75,0,0.5011,17,0,0,0,0.0041,0,-0.0055
2023-07-03,200,2024-01-19,p,0.01,0,0.74,0,0.4858,225,0,0,0,0.0057,0,-0.0059
2023-07-03,205,2024-01-19,p,0.03,0.05,0.75,0.3419,0.472,22,0,-0.0073,0,0.0105,-0.0062,-1.8176
2023-07-03,210,2024-01-19,p,0.05,0.05,0.74,0.3311,0.4575,12,0,-0.0076,0,0.0142,-0.0062,-1.881
2023-07-03,215,2024-01-19,p,0.06,0.05,0.8,0.3206,0.4478,10,0,-0.0082,0.0001,0.0191,-0.0065,-2.019
2023-07-03,220,2024-01-19,p,0.08,0.1,0.79,0.3323,0.434,24,0,-0.01,0.0001,0.0252,-0.0077,-2.4765
2023-07-03,225,2024-01-19,p,0.1,0.1,0.9,0.3216,0.4285,17,0,-0.011,0.0001,0.0257,-0.0082,-2.7267
2023-07-03,230,2024-01-19,p,0.13,0.1,0.94,0.3111,0.4184,8,0,-0.0118,0.0001,0.0339,-0.0084,-2.9013
2023-07-03,235,2024-01-19,p,0.17,0.15,1,0.3141,0.4086,0,0,-0.0138,0.0002,0.0438,-0.0096,-3.4046
2023-07-03,240,2024-01-19,p,0.22,0.15,1.06,0.3034,0.3987,59,0,-0.0147,0.0002,0.0565,-0.0098,-3.6172
2023-07-03,245,2024-01-19,p,0.39,0.25,1.1,0.3122,0.3884,98,0,-0.0177,0.0002,0.0714,-0.0115,-4.3729
2023-07-03,250,2024-01-19,p,0.4,0.35,1.27,0.3151,0.3842,60,0,-0.0212,0.0003,0.0724,-0.0134,-5.2508
2023-07-03,255,2024-01-19,p,0.39,0.3,1.6,0.2975,0.3888,19,0,-0.0236,0.0003,0.0911,-0.0143,-5.8325
2023-07-03,260,2024-01-19,p,0.48,0.36,1.83,0.2932,0.3843,353,0,-0.0268,0.0004,0.1128,-0.0158,-6.6416
2023-07-03,265,2024-01-19,p,0.58,0.35,1.99,0.2825,0.379,24,0,-0.0292,0.0004,0.1146,-0.0165,-7.2262
2023-07-03,270,2024-01-19,p,1,0.51,1.37,0.2864,0.3386,15,0,-0.0282,0.0005,0.1417,-0.0151,-6.9201
2023-07-03,275,2024-01-19,p,1,0.6,1.44,0.2838,0.3311,70,0,-0.0318,0.0006,0.1719,-0.0164,-7.8006
2023-07-03,280,2024-01-19,p,1.11,0.7,1.55,0.28,0.3228,18,0,-0.0354,0.0007,0.1744,-0.0176,-8.6862
2023-07-03,285,2024-01-19,p,1.2,0.74,1.64,0.2721,0.3146,22,0,-0.0384,0.0008,0.2101,-0.0183,-9.4191
2023-07-03,290,2024-01-19,p,1.33,0.85,1.75,0.267,0.3065,51,0,-0.0424,0.0009,0.2499,-0.0194,-10.3943
2023-07-03,295,2024-01-19,p,1.48,0.99,1.93,0.2638,0.3012,146,0,-0.0481,0.001,0.253,-0.0211,-11.7798
2023-07-03,300,2024-01-19,p,1.82,0.8,2.85,0.243,0.3155,150,0,-0.0549,0.0011,0.2976,-0.0232,-13.4616
2023-07-03,305,2024-01-19,p,1.8,1.73,1.93,0.2707,0.2773,189,0,-0.0612,0.0013,0.3411,-0.0248,-15.0111
2023-07-03,310,2024-01-19,p,2.02,1.9,2.1,0.2641,0.2698,66,0,-0.0671,0.0014,0.3509,-0.0259,-16.4423
2023-07-03,315,2024-01-19,p,2.19,2.08,2.28,0.258,0.2636,54,0,-0.0741,0.0016,0.4046,-0.0273,-18.1509
2023-07-03,320,2024-01-19,p,2.42,2.3,2.55,0.2519,0.2581,63,0,-0.0821,0.0017,0.4096,-0.0289,-20.1055
2023-07-03,325,2024-01-19,p,2.59,2.47,2.77,0.2449,0.2522,61,0,-0.0904,0.0019,0.4671,-0.0302,-22.1222
2023-07-03,330,2024-01-19,p,2.89,2.7,2.95,0.2379,0.2433,621,1,-0.0985,0.0021,0.4732,-0.0311,-24.0526
2023-07-03,335,2024-01-19,p,3.09,2.96,3.26,0.2322,0.2385,90,0,-0.1095,0.0023,0.5341,-0.0329,-26.7506
2023-07-03,340,2024-01-19,p,3.44,3.3,3.6,0.2263,0.2319,79,0,-0.1209,0.0025,0.5969,-0.0343,-29.5234
2023-07-03,345,2024-01-19,p,3.81,3.65,3.95,0.2195,0.225,193,0,-0.1329,0.0028,0.6041,-0.0355,-32.4199
2023-07-03,350,2024-01-19,p,4.12,3.9,4.3,0.2123,0.2188,272,0,-0.1465,0.003,0.6687,-0.0368,-35.7215
2023-07-03,355,2024-01-19,p,4.59,4.36,4.76,0.2063,0.2124,39,0,-0.1619,0.0033,0.6766,-0.0381,-39.4424
2023-07-03,360,2024-01-19,p,4.93,4.8,5.2,0.2008,0.2067,303,0,-0.1796,0.0036,0.741,-0.0396,-43.7546
2023-07-03,365,2024-01-19,p,5.55,5.37,5.57,0.1947,0.1973,58,0,-0.1971,0.004,0.8046,-0.0403,-47.9611
2023-07-03,370,2024-01-19,p,5.93,5.76,6.16,0.1879,0.1929,89,0,-0.2188,0.0044,0.8145,-0.0415,-53.2367
2023-07-03,375,2024-01-19,p,6.72,6.5,6.9,0.1814,0.1862,37,0,-0.2419,0.0048,0.8759,-0.0424,-58.8363
2023-07-03,380,2024-01-19,p,7.26,7.05,7.45,0.1751,0.1796,75,0,-0.2676,0.0052,0.9331,-0.043,-65.0683
2023-07-03,385,2024-01-19,p,8.22,8.02,8.42,0.169,0.1732,15,0,-0.2965,0.0057,0.947,-0.0435,-72.0751
2023-07-03,390,2024-01-19,p,8.94,8.73,9.12,0.1628,0.1667,42,0,-0.3283,0.0063,1.0014,-0.0436,-79.8223
2023-07-03,395,2024-01-19,p,10.01,9.8,10.3,0.1563,0.161,15,0,-0.3639,0.0069,1.0506,-0.0436,-88.4812
2023-07-03,400,2024-01-19,p,11.11,10.81,11.31,0.1493,0.1539,62,0,-0.4025,0.0076,1.0944,-0.0427,-97.8459
2023-07-03,405,2024-01-19,p,12.5,12.3,12.8,0.1435,0.1479,92,240,-0.4456,0.0084,1.1324,-0.0418,-108.3982
2023-07-03,410,2024-01-19,p,13.97,13.59,14.28,0.1357,0.1417,34,0,-0.4925,0.0091,1.1658,-0.0399,-119.8314
2023-07-03,415,2024-01-19,p,15.92,15.7,16.2,0.1308,0.1351,12,0,-0.5431,0.0099,1.1951,-0.0378,-132.3235
2023-07-03,420,2024-01-19,p,18.02,17.62,18.32,0.1238,0.1302,4,0,-0.5969,0.0106,1.1857,-0.0348,-145.6399
2023-07-03,425,2024-01-19,p,20.95,20.1,21.9,0.1144,0.1322,0,0,-0.6502,0.0111,1.197,-0.0321,-159.1334
2023-07-03,430,2024-01-19,p,24.08,23.17,24.85,0.1094,0.1293,1,0,-0.7036,0.0112,1.1348,-0.0286,-172.7989
2023-07-03,435,2024-01-19,p,27.52,27.3,29.5,0.102,0.1365,0,0,-0.7476,0.0109,1.0384,-0.0261,-184.7101
2023-07-03,440,2024-01-19,p,31.79,30.84,33.11,0,0.1364,0,0,-0.9256,0.0103,1.0107,-0.0039,-224.8146
2023-07-03,445,2024-01-19,p,37.17,36.1,38.4,0,0.147,0,0,-0.9388,0.0093,0.8715,-0.0035,-230.4507
2023-07-03,450,2024-01-19,p,41.68,40.32,42.99,0,0.16,0,0,-0.9456,0.0082,0.7191,-0.0034,-234.6893
2023-07-03,455,2024-01-19,p,47.17,46,48.4,0,0.1695,0,0,-0.9541,0.007,0.6597,-0.003,-239.3012
2023-07-03,460,2024-01-19,p,52.87,51.58,54.21,0,0.182,0,0,-0.9581,0.0059,0.5953,-0.0029,-242.9245
2023-07-03,465,2024-01-19,p,57.17,55.8,58.6,0,0.194,0,0,-0.9616,0.0049,0.4468,-0.003,-246.4312
2023-07-03,470,2024-01-19,p,63,61.71,64.35,0,0.2025,0,0,-0.9666,0.004,0.3893,-0.0026,-250.28
2023-07-03,475,2024-01-19,p,67.17,65.8,68.5,0,0.2125,0,0,-0.9699,0.0033,0.3336,-0.0023,-253.7453
2023-07-03,480,2024-01-19,p,73.25,72.06,74.5,0,0.2205,0,0,-0.9735,0.0026,0.2435,-0.002,-257.2668
2023-07-03,485,2024-01-19,p,76.66,75.1,78.67,0,0.2438,0,0,-0.9684,0.0021,0.1903,-0.0034,-258.9223
2023-07-03,490,2024-01-19,p,83.4,82.11,84.85,0,0.243,0,0,-0.9761,0.0017,0.1565,-0.002,-263.3084
2023-07-03,495,2024-01-19,p,86.59,84.73,88.21,0,0.2559,0,0,-0.9763,0.0013,0.1276,-0.0022,-266.1009
2023-07-03,500,2024-01-19,p,93.55,92.26,95.61,0,0.272,0,0,-0.9749,0.001,0.101,-0.003,-268.5634
2023-07-03,505,2024-01-19,p,96.36,94.51,98.18,0,0.2738,0,0,-0.9802,0.0006,0.063,-0.005,-272.4497
2023-07-03,510,2024-01-19,p,102.17,100.6,103.4,0,0.2708,0,0,-0.9854,0.0004,0.0361,-0.0038,-276.2985
2023-07-03,515,2024-01-19,p,106.28,104.52,108.19,0,0.293,0,0,-0.982,0.0003,0.0283,-0.0049,-278.3252
2023-07-03,520,2024-01-19,p,112.17,111.2,114.1,0,0.3015,0,0,-0.983,0.0002,0.0213,-0.0048,-281.287
2023-07-03,525,2024-01-19,p,116,114.64,117.22,0,0.2955,0,0,-0.9879,0.0001,0.014,-0.0035,-285.0642
2023-07-03,530,2024-01-19,p,122.17,120.5,124.1,0,0.3179,0,0,-0.985,0.0001,0.0084,-0.0046,-287.1837
2023-07-03,535,2024-01-19,p,125.9,124.64,127.61,0,0.3219,0,0,-0.9867,0.0001,0.006,-0.0041,-290.3014
2023-07-03,540,2024-01-19,p,132.17,131.1,133.5,0,0.3215,0,0,-0.9892,0,0.0043,-0.0034,-293.581
2023-07-03,545,2024-01-19,p,135.8,133.95,137.41,0,0.3356,0,0,-0.9885,0,0.003,-0.0038,-296.1574
2023-07-03,550,2024-01-19,p,142.17,140.4,143.9,0,0.3453,0,0,-0.9886,0,0.0021,-0.0039,-298.9307
2023-07-03,555,2024-01-19,p,145.45,144.2,147.26,0,0.355,0,0,-0.9887,0,0.0015,-0.004,-301.6888
2023-07-03,560,2024-01-19,p,152.17,150.3,154.5,0,0.3722,0,0,-0.9872,0,0.0007,-0.0046,-304.125
2023-07-03,565,2024-01-19,p,155.34,153.59,157.44,0,0.3804,0,0,-0.9873,0,0.0007,-0.0016,-306.871
2023-07-03,570,2024-01-19,p,162.17,160.6,164.2,0,0.3814,0,0,-0.9893,0,0.0003,-0.0041,-310.0492
2023-07-03,575,2024-01-19,p,169.4,167.61,171.25,0,0.3845,0,0,-0.9904,0,0.0002,-0.0037,-313.0313
2023-07-03,580,2024-01-19,p,172.17,170.4,174.2,0,0.3959,0,0,-0.9901,0,0.0001,-0.0039,-315.7047
2023-07-03,585,2024-01-19,p,179.53,178.14,181.59,0,0.4029,0,0,-0.9905,0,0.0001,-0.0039,-318.5258
2023-07-03,590,2024-01-19,p,180.96,179.4,182.57,0,0.401,0,0,-0.9921,0,0.0001,-0.0033,-321.6068
2023-07-03,595,2024-01-19,p,189.98,188.28,191.73,0,0.4101,0,0,-0.9921,0,0,-0.0034,-324.3452
2023-07-03,600,2024-01-19,p,190.89,189.03,192.71,0,0.4191,0,0,-0.9921,0,0,-0.0034,-327.0814
2023-07-03,605,2024-01-19,p,200.13,198.53,201.98,0,0.4258,0,0,-0.9923,0,0,-0.0034,-329.8752
2023-07-03,610,2024-01-19,p,200.82,199.06,202.44,0,0.428,0,0,-0.9931,0,0,-0.0031,-332.7804
2023-07-03,615,2024-01-19,p,207.17,205.5,209,0,0.439,0,0,-0.9928,0,0,-0.0033,-335.4579
2023-07-03,620,2024-01-19,p,210.4,208.84,212.02,0,0.4411,0,0,-0.9935,0,0,-0.003,-338.3501
2023-07-03,625,2024-01-19,p,217.17,215.6,218.7,0,0.4451,0,0,-0.9939,0,0,-0.0029,-341.1792
2023-07-03,630,2024-01-19,p,220.32,218.86,222.03,0,0.4562,0,0,-0.9936,0,0,-0.0031,-343.8565
2023-07-03,635,2024-01-19,p,227.17,225.6,229.2,0,0.4692,0,0,-0.9931,0,0,-0.0034,-346.488
2023-07-03,640,2024-01-19,p,229.85,228.2,231.56,0,0.4687,0,0,-0.994,0,0,-0.003,-349.4087
2023-07-03,645,2024-01-19,p,237.17,235.3,239.1,0,0.4796,0,0,-0.9937,0,0,-0.0032,-352.0889
2023-07-03,650,2024-01-19,p,239.75,238,241.66,0,0.4857,0,0,-0.9939,0,0,-0.0032,-354.8663
2023-07-03,165,2024-06-21,c,245.29,245.1,250,0,0.6397,0,0,0.9851,0.0001,0.0224,-0.0074,1.4324
2023-07-03,170,2024-06-21,c,237.72,237.89,242.54,0.3764,0.6276,0,0,0.9848,0,0.024,-0.008,1.4958
2023-07-03,175,2024-06-21,c,235.79,235.6,240.5,0,0.6065,1,0,0.9842,0.0001,0.0263,-0.0088,1.5523
2023-07-03,180,2024-06-21,c,228.36,228.4,233.25,0.3382,0.5976,3,0,0.9836,0.0001,0.0327,-0.0097,1.6055
2023-07-03,185,2024-06-21,c,226.33,226.1,231,0,0.5747,0,0,0.9829,0.0001,0.0413,-0.0106,1.6574
2023-07-03,190,2024-06-21,c,224.56,224.45,229.52,0.2874,0.5655,0,0,0.9821,0.0001,0.0416,-0.0116,1.7063
2023-07-03,195,2024-06-21,c,219.27,217.1,222,0.3491,0.5565,0,0,0.9812,0.0001,0.0526,-0.0126,1.754
2023-07-03,200,2024-06-21,c,216.44,214.93,219.89,0,0.5049,2,0,0.978,0.0002,0.0803,-0.0179,1.7881
2023-07-03,205,2024-06-21,c,208.87,207.6,212.5,0,0.4975,11,0,0.9779,0.0002,0.0802,-0.0186,1.8365
2023-07-03,210,2024-06-21,c,206.9,205.81,210.77,0,0.489,0,0,0.9773,0.0002,0.0808,-0.0195,1.8812
2023-07-03,215,2024-06-21,c,196.83,196.78,201.55,0.3081,0.4952,0,0,0.9763,0.0002,0.1065,-0.0171,1.9305
2023-07-03,220,2024-06-21,c,196.39,196.4,201.48,0.3126,0.4892,2,0,0.9746,0.0002,0.1081,-0.0183,1.9712
2023-07-03,225,2024-06-21,c,189.04,187.74,192.71,0,0.4516,0,0,0.9722,0.0003,0.1282,-0.0236,1.9981
2023-07-03,230,2024-06-21,c,189.57,187.27,192.34,0.325,0.4719,50,0,0.9707,0.0003,0.1359,-0.021,2.0486
2023-07-03,235,2024-06-21,c,178.08,178.1,182.96,0.3063,0.453,0,0,0.9682,0.0003,0.1673,-0.0224,2.0848
2023-07-03,240,2024-06-21,c,176.7,175.1,180,0,0.4167,1,0,0.9633,0.0004,0.1975,-0.0288,2.0958
2023-07-03,245,2024-06-21,c,170.38,169.08,174.04,0.3062,0.4364,0,0,0.9628,0.0004,0.2062,-0.0253,2.1538
2023-07-03,250,2024-06-21,c,168.19,166.2,170.9,0.2087,0.3988,2,0,0.9503,0.0006,0.2915,-0.0347,2.1268
2023-07-03,255,2024-06-21,c,162.42,159.66,164.62,0,0.3827,10,0,0.9458,0.0006,0.3445,-0.0366,2.152
2023-07-03,260,2024-06-21,c,159.26,156.6,161.5,0,0.3751,27,0,0.9426,0.0007,0.3484,-0.038,2.1833
2023-07-03,265,2024-06-21,c,153.3,150.58,155.43,0.1916,0.3675,2,0,0.938,0.0008,0.4061,-0.0398,2.2084
2023-07-03,270,2024-06-21,c,150.59,147.6,152.5,0.2112,0.3596,0,0,0.9318,0.0008,0.4136,-0.0421,2.225
2023-07-03,275,2024-06-21,c,144.63,141.67,146.52,0.2187,0.3517,0,0,0.9279,0.0009,0.4761,-0.0434,2.2535
2023-07-03,280,2024-06-21,c,141.65,139.8,143.5,0.2656,0.344,22,0,0.9234,0.001,0.4815,-0.0448,2.2787
2023-07-03,285,2024-06-21,c,135.64,132.54,137.38,0.2228,0.336,1,0,0.9185,0.0011,0.5489,-0.0463,2.3022
2023-07-03,290,2024-06-21,c,132.31,131.3,133.9,0.2692,0.3183,1,0,0.9133,0.0011,0.555,-0.0477,2.3243
2023-07-03,295,2024-06-21,c,126.64,125.32,127.89,0.2635,0.3103,2,0,0.9087,0.0012,0.5603,-0.0488,2.3498
2023-07-03,300,2024-06-21,c,123.65,122.4,125,0.26,0.304,5,0,0.9037,0.0013,0.6316,-0.05,2.3733
2023-07-03,305,2024-06-21,c,120.83,119.47,122.11,0.2537,0.2963,1,0,0.8979,0.0014,0.6382,-0.0512,2.3928
2023-07-03,310,2024-06-21,c,114.7,113.4,116,0.2474,0.2879,10,0,0.8932,0.0015,0.6432,-0.0521,2.4183
2023-07-03,315,2024-06-21,c,111.69,110.35,112.99,0.2412,0.2797,25,0,0.8881,0.0016,0.7161,-0.0529,2.4415
2023-07-03,320,2024-06-21,c,105.86,104.5,107.5,0.236,0.2783,32,0,0.8802,0.0017,0.725,-0.0543,2.4518
2023-07-03,325,2024-06-21,c,102.92,101.6,104.04,0.2309,0.2634,9,0,0.8729,0.0019,0.7329,-0.0555,2.465
2023-07-03,330,2024-06-21,c,96.34,95.06,97.55,0.2249,0.2575,96,0,0.8649,0.002,0.8106,-0.0566,2.4749
2023-07-03,335,2024-06-21,c,94.04,92.77,95.31,0.2205,0.2515,1,0,0.8572,0.0021,0.8186,-0.0575,2.4868
2023-07-03,340,2024-06-21,c,87.81,86.52,89.1,0.2154,0.2459,32,0,0.8491,0.0023,0.8951,-0.0583,2.4969
2023-07-03,345,2024-06-21,c,85.37,84.14,86.68,0.2115,0.2394,1,0,0.8401,0.0025,0.9045,-0.0591,2.5031
2023-07-03,350,2024-06-21,c,79.31,78.04,80.52,0.2067,0.2334,4,0,0.8297,0.0026,0.982,-0.0601,2.5024
2023-07-03,355,2024-06-21,c,75.79,74.6,77,0.203,0.2273,19,0,0.8187,0.0028,0.9939,-0.0608,2.4993
2023-07-03,360,2024-06-21,c,71.08,69.91,72.19,0.1983,0.2207,38,0,0.8075,0.003,1.0677,-0.0615,2.4959
2023-07-03,365,2024-06-21,c,67.56,66.5,68.7,0.1944,0.2149,119,0,0.7952,0.0033,1.0811,-0.062,2.4876
2023-07-03,370,2024-06-21,c,62.95,61.88,64.05,0.19,0.2095,12,0,0.7814,0.0035,1.153,-0.0627,2.4717
2023-07-03,375,2024-06-21,c,59.63,58.5,60.7,0.185,0.2039,96,0,0.7664,0.0037,1.1706,-0.0631,2.4511
2023-07-03,380,2024-06-21,c,55.1,54.05,56.23,0.1806,0.1984,10,0,0.7508,0.004,1.2369,-0.0634,2.4282
2023-07-03,385,2024-06-21,c,51.81,50.7,52.9,0.1753,0.1928,427,0,0.7336,0.0043,1.2581,-0.0636,2.3979
2023-07-03,390,2024-06-21,c,47.44,46.35,48.53,0.1705,0.1872,184,0,0.715,0.0045,1.3202,-0.0636,2.361
2023-07-03,395,2024-06-21,c,44.19,43.2,45.2,0.1659,0.1805,125,0,0.6954,0.0049,1.3728,-0.0634,2.3204
2023-07-03,400,2024-06-21,c,40.12,39.04,41.11,0.1606,0.1756,111,0,0.6735,0.0052,1.4031,-0.0631,2.2689
2023-07-03,405,2024-06-21,c,37,36,38.1,0.156,0.1705,15,0,0.6503,0.0055,1.4504,-0.0625,2.2121
2023-07-03,410,2024-06-21,c,33.16,32.22,34,0.1515,0.1636,68,2,0.6254,0.0058,1.4881,-0.0617,2.147
2023-07-03,415,2024-06-21,c,30.13,29.3,31,0.147,0.1582,35,0,0.5986,0.0062,1.5156,-0.0605,2.0745
2023-07-03,420,2024-06-21,c,27.34,26.55,28.07,0.143,0.1527,148,0,0.5695,0.0065,1.5334,-0.0592,1.9911
2023-07-03,425,2024-06-21,c,23.85,23.1,24.8,0.1381,0.1489,41,0,0.5384,0.0068,1.5885,-0.0574,1.8984
2023-07-03,430,2024-06-21,c,21.13,20.47,21.69,0.1335,0.141,31,0,0.5053,0.0071,1.6042,-0.0553,1.7962
2023-07-03,435,2024-06-21,c,18.04,17.38,18.38,0.1292,0.1355,41,0,0.4701,0.0074,1.6113,-0.0529,1.6841
2023-07-03,440,2024-06-21,c,15.92,15.33,16.85,0.1258,0.1354,50,5,0.4328,0.0076,1.5988,-0.0501,1.5619
2023-07-03,445,2024-06-21,c,13.24,12.71,13.81,0.1217,0.129,5,0,0.3943,0.0077,1.4988,-0.0469,1.4331
2023-07-03,450,2024-06-21,c,11.26,10.86,11.57,0.1179,0.1226,25,0,0.3545,0.0077,1.4745,-0.0433,1.297
2023-07-03,455,2024-06-21,c,9.17,8.84,9.44,0.1148,0.119,18,0,0.3154,0.0076,1.4401,-0.0397,1.1603
2023-07-03,460,2024-06-21,c,7.67,7.4,8,0.1127,0.1171,9,1,0.2776,0.0074,1.3951,-0.0362,1.0264
2023-07-03,465,2024-06-21,c,6.29,6.05,6.54,0.1108,0.1146,3,0,0.242,0.007,1.189,-0.0326,0.8984
2023-07-03,470,2024-06-21,c,5.18,5,5.4,0.1091,0.1126,1,0,0.2096,0.0066,1.1183,-0.0292,0.7809
2023-07-03,475,2024-06-21,c,4.18,4.07,4.26,0.1081,0.11,16,0,0.1803,0.006,1.0398,-0.0259,0.6739
2023-07-03,480,2024-06-21,c,3.43,3.3,3.6,0.1067,0.1099,5,0,0.1547,0.0055,0.9524,-0.023,0.5793
2023-07-03,485,2024-06-21,c,2.81,2.62,2.87,0.1058,0.1087,1,0,0.1322,0.005,0.8613,-0.0203,0.4962
2023-07-03,490,2024-06-21,c,2.38,1.85,3,0.1013,0.116,8,0,0.1126,0.0044,0.7671,-0.0179,0.4235
2023-07-03,495,2024-06-21,c,1.95,1.44,2.48,0.1006,0.1158,5,0,0.0951,0.0039,0.6785,-0.0156,0.3582
2023-07-03,500,2024-06-21,c,1.57,1.05,2.1,0.0986,0.1159,6,0,0.0793,0.0034,0.5951,-0.0134,0.2991
2023-07-03,505,2024-06-21,c,1.27,0.69,1.78,0.0955,0.1167,0,0,0.0654,0.003,0.5182,-0.0114,0.2471
2023-07-03,510,2024-06-21,c,1.02,0.65,1.45,0.0987,0.1159,20,0,0.0539,0.0026,0.4435,-0.0096,0.204
2023-07-03,515,2024-06-21,c,0.56,0,4.94,0,0.1766,0,0,0.0345,0.0018,0.2947,-0.006,0.1309
2023-07-03,520,2024-06-21,c,0.44,0,2.2,0,0.1465,6,0,0.0274,0.0015,0.234,-0.0049,0.104
2023-07-03,525,2024-06-21,c,0.35,0,5.07,0,0.188,8,0,0.0225,0.0012,0.2414,-0.0042,0.0855
2023-07-03,530,2024-06-21,c,0.27,0,5,0,0.1936,1,0,0.0179,0.001,0.1973,-0.0034,0.0683
2023-07-03,535,2024-06-21,c,0.21,0,5.07,0,0.1991,5,0,0.0143,0.0008,0.1584,-0.0028,0.0546
2023-07-03,540,2024-06-21,c,0.16,0,5,0,0.2045,0,0,0.0113,0.0007,0.1268,-0.0022,0.043
2023-07-03,545,2024-06-21,c,0.13,0,4.97,0,0.2086,0,0,0.0089,0.0006,0.0994,-0.0018,0.034
2023-07-03,550,2024-06-21,c,0.09,0,0.79,0,0.1438,1,0,0.0065,0.0004,0.0791,-0.0014,0.025
2023-07-03,555,2024-06-21,c,0.07,0,4.87,0,0.2174,0,0,0.0054,0.0004,0.0596,-0.0012,0.0208
2023-07-03,560,2024-06-21,c,0.05,0,4.77,0,0.2224,2,0,0.0042,0.0003,0.0457,-0.0009,0.016
2023-07-03,565,2024-06-21,c,0.04,0,4.77,0,0.226,0,0,0.0032,0.0002,0.0342,-0.0007,0.0123
2023-07-03,570,2024-06-21,c,0.03,0,4.66,0,0.2309,1,0,0.0025,0.0002,0.0354,-0.0006,0.0096
2023-07-03,575,2024-06-21,c,0.02,0,4.7,0,0.2357,0,0,0.0019,0.0001,0.0266,-0.0004,0.0073
2023-07-03,580,2024-06-21,c,0.02,0,4.66,0,0.2404,0,0,0.0015,0.0001,0.0194,-0.0003,0.0056
2023-07-03,585,2024-06-21,c,0.01,0,4.7,0,0.245,1,0,0.0011,0.0001,0.0143,-0.0003,0.0042
2023-07-03,590,2024-06-21,c,0.01,0,4.56,0,0.248,0,0,0.0008,0.0001,0.0101,-0.0002,0.0032
2023-07-03,595,2024-06-21,c,0.01,0,4.6,0,0.2524,0,0,0.0006,0,0.0105,-0.0002,0.0024
2023-07-03,600,2024-06-21,c,0.01,0,4.55,0,0.2568,0,0,0.0005,0,0.0075,-0.0001,0.0018
2023-07-03,605,2024-06-21,c,0,0,4.6,0,0.2611,0,0,0.0003,0,0.0052,-0.0001,0.0013
2023-07-03,165,2024-06-21,p,0.06,0,3.37,0,0.5997,8,0,-0.0007,0.0001,0.0224,-0.0004,-0.2835
2023-07-03,170,2024-06-21,p,0.06,0,4.9,0,0.6328,2,0,-0.0015,0,0.024,-0.0009,-0.6587
2023-07-03,175,2024-06-21,p,0.08,0,4.84,0,0.6149,5,0,-0.0016,0.0001,0.0263,-0.0009,-0.6966
2023-07-03,180,2024-06-21,p,0.1,0,5,0,0.6001,3,0,-0.0018,0.0001,0.0327,-0.001,-0.7661
2023-07-03,185,2024-06-21,p,0.12,0,4.94,0,0.583,0,0,-0.0019,0.0001,0.0413,-0.001,-0.8121
2023-07-03,190,2024-06-21,p,0.16,0,5,0,0.5664,1,0,-0.002,0.0001,0.0416,-0.001,-0.8608
2023-07-03,195,2024-06-21,p,0.2,0,5.07,0,0.5504,1,0,-0.0021,0.0001,0.0526,-0.001,-0.9156
2023-07-03,200,2024-06-21,p,0.36,0.1,5,0.2915,0.5385,6,0,-0.0248,0.0002,0.0803,-0.0135,-11.6229
2023-07-03,205,2024-06-21,p,0.36,0.15,5.07,0.2949,0.5234,3,0,-0.0271,0.0002,0.0802,-0.0144,-12.7146
2023-07-03,210,2024-06-21,p,0.39,0.25,5,0.3037,0.5086,0,0,-0.0303,0.0002,0.0808,-0.0157,-14.253
2023-07-03,215,2024-06-21,p,0.44,0,5.07,0,0.4904,0,0,-0.0028,0.0002,0.1065,-0.0012,-1.1875
2023-07-03,220,2024-06-21,p,0.52,0,4.97,0,0.4763,2,0,-0.003,0.0002,0.1081,-0.0012,-1.274
2023-07-03,225,2024-06-21,p,0.66,0.41,5.07,0.2935,0.4666,0,0,-0.0364,0.0003,0.1282,-0.017,-16.9841
2023-07-03,230,2024-06-21,p,0.72,0,4.97,0,0.4492,1,0,-0.0035,0.0003,0.1359,-0.0013,-1.4699
2023-07-03,235,2024-06-21,p,0.85,0,5,0,0.4358,4,0,-0.0037,0.0003,0.1673,-0.0014,-1.5762
2023-07-03,240,2024-06-21,p,1.14,0.64,4.96,0.286,0.4264,206,0,-0.044,0.0004,0.1975,-0.0186,-20.3998
2023-07-03,245,2024-06-21,p,1.15,0,5,0,0.4098,1,0,-0.0043,0.0004,0.2062,-0.0015,-1.8214
2023-07-03,250,2024-06-21,p,2.11,0.84,3.77,0.2792,0.3748,7,0,-0.0444,0.0006,0.2915,-0.0172,-20.3266
2023-07-03,255,2024-06-21,p,2.44,0.9,3.7,0.2724,0.3609,26,0,-0.0461,0.0006,0.3445,-0.0171,-21.031
2023-07-03,260,2024-06-21,p,2.51,0.99,4.16,0.2683,0.3605,1,0,-0.0515,0.0007,0.3484,-0.0186,-23.5135
2023-07-03,265,2024-06-21,p,2.54,1.1,4.3,0.2635,0.351,2,0,-0.0549,0.0008,0.4061,-0.0191,-25.0328
2023-07-03,270,2024-06-21,p,2.51,1.09,3.86,0.2544,0.3315,4,0,-0.0551,0.0008,0.4136,-0.0182,-24.9423
2023-07-03,275,2024-06-21,p,2.54,2.35,2.8,0.2852,0.2962,29,1,-0.0613,0.0009,0.4761,-0.0196,-27.8177
2023-07-03,280,2024-06-21,p,2.75,2.57,2.96,0.2813,0.2908,23,0,-0.0668,0.001,0.4815,-0.0206,-30.2958
2023-07-03,285,2024-06-21,p,3,2.8,3.2,0.2762,0.285,0,0,-0.0722,0.0011,0.5489,-0.0215,-32.6974
2023-07-03,290,2024-06-21,p,3.21,2.96,3.36,0.2707,0.2789,11,0,-0.0777,0.0011,0.555,-0.0222,-35.154
2023-07-03,295,2024-06-21,p,3.47,3.3,3.7,0.2669,0.2748,3,0,-0.0847,0.0012,0.5603,-0.0233,-38.3638
2023-07-03,300,2024-06-21,p,3.68,3.56,3.85,0.2627,0.2681,25,0,-0.0913,0.0013,0.6316,-0.0241,-41.325
2023-07-03,305,2024-06-21,p,4.04,3.8,4.1,0.2562,0.2615,282,0,-0.0977,0.0014,0.6382,-0.0247,-44.1401
2023-07-03,310,2024-06-21,p,4.34,4.15,4.56,0.2516,0.258,9,0,-0.1062,0.0015,0.6432,-0.0258,-47.9795
2023-07-03,315,2024-06-21,p,4.56,4.5,4.8,0.2478,0.2524,108,0,-0.1149,0.0016,0.7161,-0.0268,-51.9086
2023-07-03,320,2024-06-21,p,5.07,4.76,5.27,0.2409,0.2482,23,0,-0.1235,0.0017,0.725,-0.0275,-55.7271
2023-07-03,325,2024-06-21,p,5.31,5.07,5.56,0.2365,0.2433,9,0,-0.1334,0.0019,0.7329,-0.0284,-60.2235
2023-07-03,330,2024-06-21,p,5.88,5.58,6.09,0.2317,0.2384,288,0,-0.1439,0.002,0.8106,-0.0292,-64.9179
2023-07-03,335,2024-06-21,p,6.21,5.96,6.46,0.2279,0.234,150,0,-0.1558,0.0021,0.8186,-0.0302,-70.2838
2023-07-03,340,2024-06-21,p,6.82,6.6,7.1,0.2236,0.2295,8,0,-0.1682,0.0023,0.8951,-0.031,-75.8968
2023-07-03,345,2024-06-21,p,7.17,6.95,7.45,0.2187,0.2242,7,0,-0.181,0.0025,0.9045,-0.0317,-81.6447
2023-07-03,350,2024-06-21,p,7.83,7.5,8.1,0.2136,0.2199,33,0,-0.195,0.0026,0.982,-0.0324,-87.9377
2023-07-03,355,2024-06-21,p,8.4,8.13,8.63,0.21,0.2149,116,0,-0.2102,0.0028,0.9939,-0.0331,-94.8518
2023-07-03,360,2024-06-21,p,9.13,8.9,9.4,0.206,0.2107,183,0,-0.2267,0.003,1.0677,-0.0338,-102.3272
2023-07-03,365,2024-06-21,p,9.74,9.52,10.02,0.2012,0.2057,117,0,-0.2437,0.0033,1.0811,-0.0342,-109.9617
2023-07-03,370,2024-06-21,p,10.58,10.4,10.8,0.1971,0.2005,30,0,-0.2618,0.0035,1.153,-0.0345,-118.1574
2023-07-03,375,2024-06-21,p,11.27,10.99,11.48,0.1913,0.1954,25,0,-0.2809,0.0037,1.1706,-0.0345,-126.7047
2023-07-03,380,2024-06-21,p,12.2,11.9,12.5,0.186,0.1907,7,1,-0.3015,0.004,1.2369,-0.0345,-135.9679
2023-07-03,385,2024-06-21,p,13.04,12.77,13.36,0.1816,0.1862,7,0,-0.3237,0.0043,1.2581,-0.0345,-146.0634
2023-07-03,390,2024-06-21,p,14.29,13.8,14.6,0.1758,0.1816,4,0,-0.3471,0.0045,1.3202,-0.0341,-156.5927
2023-07-03,395,2024-06-21,p,15.16,14.73,15.91,0.1708,0.1793,1,0,-0.3726,0.0049,1.3728,-0.0339,-168.3195
2023-07-03,400,2024-06-21,p,16.61,16.1,17,0.1657,0.172,4,0,-0.3988,0.0052,1.4031,-0.033,-180.0485
2023-07-03,405,2024-06-21,p,17.65,17.2,18.09,0.1603,0.1665,3,1,-0.4272,0.0055,1.4504,-0.0319,-192.8748
2023-07-03,410,2024-06-21,p,19.38,18.8,19.9,0.1547,0.1621,13,0,-0.4572,0.0058,1.4881,-0.0307,-206.5286
2023-07-03,415,2024-06-21,p,21.27,20.77,21.89,0.1499,0.1573,29,0,-0.4892,0.0062,1.5156,-0.0294,-221.1332
2023-07-03,420,2024-06-21,p,22.89,22.1,23.6,0.1429,0.1532,0,0,-0.523,0.0065,1.5334,-0.0275,-236.5013
2023-07-03,425,2024-06-21,p,25.33,24.52,26.14,0.1375,0.1488,1,0,-0.5582,0.0068,1.5885,-0.0254,-252.7113
2023-07-03,430,2024-06-21,p,27.4,26.7,28.2,0.1326,0.1439,1,0,-0.5947,0.0071,1.6042,-0.0231,-269.5956
2023-07-03,435,2024-06-21,p,30.38,29.89,31.31,0.1264,0.1387,0,0,-0.6338,0.0074,1.6113,-0.0202,-287.6161
2023-07-03,440,2024-06-21,p,33.35,31.59,33.97,0,0.135,0,0,-0.8252,0.0076,1.5988,0.0011,-359.2173
2023-07-03,445,2024-06-21,p,38.03,37.35,38.98,0,0.1374,0,0,-0.8594,0.0077,1.4988,0.0032,-377.189
2023-07-03,450,2024-06-21,p,41.89,40.73,43.81,0,0.1558,0,0,-0.8605,0.0077,1.4745,0.0025,-382.669
2023-07-03,455,2024-06-21,p,47.88,45.98,49.94,0,0.1672,0,0,-0.8713,0.0076,1.4401,0.0029,-391.785
2023-07-03,460,2024-06-21,p,51.74,49.38,53.95,0,0.1793,0,0,-0.8788,0.0074,1.3951,0.0031,-399.6134
2023-07-03,465,2024-06-21,p,57.17,54.5,59.5,0,0.1902,0,0,-0.8869,0.007,1.189,0.0035,-407.6095
2023-07-03,470,2024-06-21,p,61.65,59.1,63.96,0,0.1996,0,0,-0.8951,0.0066,1.1183,0.004,-415.6805
2023-07-03,475,2024-06-21,p,67.17,64.6,69.5,0,0.2089,0,0,-0.9023,0.006,1.0398,0.0045,-423.3109
2023-07-03,480,2024-06-21,p,71.45,68.9,73.76,0,0.2179,0,0,-0.9085,0.0055,0.9524,0.0049,-430.5872
2023-07-03,485,2024-06-21,p,77.17,74.6,79.5,0,0.2267,0,0,-0.914,0.005,0.8613,0.0053,-437.5544
2023-07-03,490,2024-06-21,p,81.35,78.8,83.66,0,0.2353,0,0,-0.9192,0.0044,0.7671,0.0057,-444.4284
2023-07-03,495,2024-06-21,p,87.17,84.6,89.5,0,0.2437,0,0,-0.9237,0.0039,0.6785,0.0061,-451.0235
2023-07-03,500,2024-06-21,p,91.25,88.6,93.56,0,0.2518,0,0,-0.9279,0.0034,0.5951,0.0064,-457.492
2023-07-03,505,2024-06-21,p,97.17,94.6,99.5,0,0.2599,0,0,-0.9316,0.003,0.5182,0.0067,-463.7715
2023-07-03,510,2024-06-21,p,100.98,98.44,103.28,0,0.2677,0,0,-0.935,0.0026,0.4435,0.007,-469.9675
2023-07-03,515,2024-06-21,p,107.17,104.5,109.5,0,0.2534,0,0,-0.9647,0.0018,0.2947,-0.0056,-486.1617
2023-07-03,520,2024-06-21,p,110.86,108.22,113.16,0,0.2605,0,0,-0.9664,0.0015,0.234,-0.0055,-491.6944
2023-07-03,525,2024-06-21,p,117.17,114.5,119.5,0,0.2674,0,0,-0.968,0.0012,0.2414,-0.0054,-497.1436
2023-07-03,530,2024-06-21,p,123.8,121.19,126.16,0,0.2743,0,0,-0.9695,0.001,0.1973,-0.0054,-502.5585
2023-07-03,535,2024-06-21,p,127.17,124.6,129.5,0,0.281,0,0,-0.9708,0.0008,0.1584,-0.0053,-507.9077
2023-07-03,540,2024-06-21,p,133.93,131.33,136.19,0,0.2864,0,0,-0.9726,0.0007,0.1268,-0.0051,-513.4356
2023-07-03,545,2024-06-21,p,137.17,134.5,139.5,0,0.2943,0,0,-0.9731,0.0006,0.0994,-0.0052,-518.5073
2023-07-03,550,2024-06-21,p,144.3,141.69,146.67,0,0.3006,0,0,-0.9742,0.0004,0.0791,-0.0051,-523.7654
2023-07-03,555,2024-06-21,p,146.19,143.74,148.4,0,0.3056,0,0,-0.9757,0.0004,0.0596,-0.0049,-529.1852
2023-07-03,560,2024-06-21,p,154.45,151.74,156.82,0,0.3132,0,0,-0.9761,0.0003,0.0457,-0.005,-534.1855
2023-07-03,565,2024-06-21,p,156.12,153.57,158.44,0,0.3193,0,0,-0.9769,0.0002,0.0342,-0.005,-539.3546
2023-07-03,570,2024-06-21,p,162.17,159.6,164.5,0,0.3254,0,0,-0.9777,0.0002,0.0354,-0.0049,-544.5178
2023-07-03,575,2024-06-21,p,165.78,163.13,168.09,0,0.3314,0,0,-0.9785,0.0001,0.0266,-0.0048,-549.6506
2023-07-03,580,2024-06-21,p,172.17,169.6,174.5,0,0.3374,0,0,-0.9792,0.0001,0.0194,-0.0048,-554.7563
2023-07-03,585,2024-06-21,p,175.69,173.05,178,0,0.3433,0,0,-0.9798,0.0001,0.0143,-0.0047,-559.8608
2023-07-03,590,2024-06-21,p,182.17,179.5,184.5,0,0.3491,0,0,-0.9804,0.0001,0.0101,-0.0047,-564.9196
2023-07-03,595,2024-06-21,p,185.3,182.66,187.6,0,0.3549,0,0,-0.9809,0,0.0105,-0.0047,-569.9804
2023-07-03,600,2024-06-21,p,192.17,189.5,194.5,0,0.3606,0,0,-0.9815,0,0.0075,-0.0046,-575.0428
2023-07-03,605,2024-06-21,p,195.2,192.65,197.5,0,0.3663,0,0,-0.982,0,0.0052,-0.0046,-580.0866
2023-07-03,165,2025-01-17,c,247.21,246.1,251,0,0.4982,5,0,0.9757,0.0001,0.0812,-0.0087,2.1774
2023-07-03,170,2025-01-17,c,239.83,238.78,243.62,0,0.4887,1,0,0.9742,0.0001,0.0988,-0.0097,2.258
2023-07-03,175,2025-01-17,c,238.11,237.1,242,0,0.4793,0,0,0.9728,0.0001,0.0996,-0.0106,2.3373
2023-07-03,180,2025-01-17,c,230.86,229.79,234.73,0,0.47,1,0,0.9713,0.0002,0.122,-0.0116,2.414
2023-07-03,185,2025-01-17,c,229.1,228,233,0,0.4602,0,0,0.9693,0.0002,0.1492,-0.0128,2.4826
2023-07-03,190,2025-01-17,c,221.98,220.89,225.83,0,0.4505,3,0,0.9674,0.0002,0.1512,-0.0138,2.5528
2023-07-03,195,2025-01-17,c,220.13,219.2,223.9,0.1969,0.4388,0,0,0.9654,0.0002,0.1842,-0.0149,2.6198
2023-07-03,200,2025-01-17,c,218.55,217.46,222.43,0.1935,0.4318,22,0,0.9632,0.0003,0.2225,-0.0161,2.6831
2023-07-03,205,2025-01-17,c,211.22,210.1,215,0.2296,0.4226,0,0,0.961,0.0003,0.2254,-0.0172,2.7466
2023-07-03,210,2025-01-17,c,209.54,208.24,213.31,0.2226,0.4135,0,0,0.9586,0.0003,0.2534,-0.0184,2.8073
2023-07-03,215,2025-01-17,c,201.03,199.76,204.63,0.2441,0.4041,0,0,0.9558,0.0003,0.275,-0.0196,2.8633
2023-07-03,220,2025-01-17,c,200.97,199.45,204.52,0.2368,0.3948,38,0,0.9528,0.0004,0.327,-0.0209,2.917
2023-07-03,225,2025-01-17,c,192.34,190.82,195.69,0.2455,0.3858,2,0,0.9497,0.0004,0.3319,-0.0222,2.9696
2023-07-03,230,2025-01-17,c,191.96,190.41,195.39,0.244,0.3767,0,0,0.9481,0.0004,0.3343,-0.023,3.0341
2023-07-03,235,2025-01-17,c,183.69,181.78,186.75,0.2368,0.3682,0,0,0.9432,0.0005,0.397,-0.0246,3.0703
2023-07-03,240,2025-01-17,c,180.57,178.6,183.5,0.2396,0.3593,1,0,0.9399,0.0005,0.4025,-0.0258,3.1195
2023-07-03,245,2025-01-17,c,174.78,172.55,177.51,0.2317,0.3503,1,0,0.9362,0.0006,0.4686,-0.027,3.166
2023-07-03,250,2025-01-17,c,171.85,169.5,174.5,0.2285,0.3416,2,0,0.9331,0.0006,0.4738,-0.0281,3.2167
2023-07-03,255,2025-01-17,c,166.28,164.12,169.08,0.2428,0.3409,1,0,0.928,0.0007,0.5493,-0.0296,3.2502
2023-07-03,260,2025-01-17,c,163.31,161.1,166,0.2406,0.3322,7,0,0.9246,0.0007,0.555,-0.0306,3.2979
2023-07-03,265,2025-01-17,c,158.07,157.01,159.88,0.2781,0.3235,1,0,0.9201,0.0008,0.5628,-0.0318,3.3361
2023-07-03,270,2025-01-17,c,155.56,154.2,156.9,0.2727,0.3134,0,0,0.9161,0.0009,0.641,-0.0328,3.3788
2023-07-03,275,2025-01-17,c,149.79,148.4,150.98,0.2688,0.3063,1,0,0.9111,0.0009,0.6496,-0.034,3.4131
2023-07-03,280,2025-01-17,c,146.92,145.5,148.5,0.2628,0.3044,1,0,0.9074,0.001,0.6555,-0.0348,3.4588
2023-07-03,285,2025-01-17,c,140.92,139.55,142.32,0.2585,0.2956,1,0,0.9031,0.001,0.7392,-0.0358,3.4987
2023-07-03,290,2025-01-17,c,138.21,136.9,139.5,0.254,0.2871,1,0,0.8982,0.0011,0.7474,-0.0367,3.5339
2023-07-03,295,2025-01-17,c,132.44,131.05,133.92,0.2493,0.2846,1,0,0.8916,0.0012,0.8279,-0.038,3.5554
2023-07-03,300,2025-01-17,c,129.71,128.3,131,0.2445,0.2764,13,0,0.885,0.0013,0.8491,-0.0392,3.5774
2023-07-03,305,2025-01-17,c,127.04,125.65,128.59,0.2393,0.2719,2,0,0.8787,0.0014,0.8596,-0.0402,3.6021
2023-07-03,310,2025-01-17,c,121.18,119.8,122.2,0.2351,0.2614,3,0,0.872,0.0014,0.9522,-0.0412,3.6235
2023-07-03,315,2025-01-17,c,118.46,117.24,119.98,0.2322,0.2602,2,0,0.8652,0.0015,0.9634,-0.0421,3.6441
2023-07-03,320,2025-01-17,c,112.87,111.4,113.9,0.2263,0.2514,2,0,0.8586,0.0016,0.9741,-0.043,3.6672
2023-07-03,325,2025-01-17,c,110.26,109.11,111.95,0.2247,0.2512,1,0,0.8515,0.0017,1.0663,-0.0438,3.6862
2023-07-03,330,2025-01-17,c,104.02,102.71,104.8,0.2205,0.24,17,0,0.8434,0.0018,1.0797,-0.0447,3.6973
2023-07-03,335,2025-01-17,c,102.28,100.89,104.04,0.2171,0.2442,3,0,0.8346,0.0019,1.1731,-0.0456,3.7038
2023-07-03,340,2025-01-17,c,96.17,94.86,97.64,0.2144,0.2379,3,0,0.8254,0.0021,1.1886,-0.0464,3.7059
2023-07-03,345,2025-01-17,c,94.27,92.97,95.11,0.2111,0.2283,25,0,0.8159,0.0022,1.2046,-0.0472,3.7066
2023-07-03,350,2025-01-17,c,88.05,86.97,89.75,0.2078,0.2293,15,0,0.8059,0.0023,1.2953,-0.0479,3.7043
2023-07-03,355,2025-01-17,c,84.95,83.8,85.5,0.2037,0.2167,7,0,0.7957,0.0024,1.3125,-0.0485,3.6997
2023-07-03,360,2025-01-17,c,80.42,79.43,81.61,0.2014,0.2171,67,0,0.7844,0.0026,1.3994,-0.0492,3.6873
2023-07-03,365,2025-01-17,c,77.34,76.3,78.7,0.1974,0.2143,45,0,0.7727,0.0027,1.4196,-0.0497,3.672
2023-07-03,370,2025-01-17,c,72.71,71.78,73.36,0.1935,0.2043,10,1,0.7608,0.0029,1.4985,-0.0502,3.6551
2023-07-03,375,2025-01-17,c,69.58,68.9,70.3,0.1904,0.1996,13,0,0.7479,0.003,1.5212,-0.0506,3.6314
2023-07-03,380,2025-01-17,c,65.3,64.55,65.93,0.1865,0.1955,22,0,0.7343,0.0032,1.5925,-0.0509,3.6023
2023-07-03,385,2025-01-17,c,62.47,61.5,63.4,0.1821,0.1938,74,0,0.72,0.0033,1.6188,-0.0511,3.5672
2023-07-03,390,2025-01-17,c,58.28,57.42,59.5,0.1789,0.1914,60,0,0.7052,0.0035,1.6795,-0.0513,3.5299
2023-07-03,395,2025-01-17,c,55.44,54.5,56,0.1749,0.1837,2,0,0.6894,0.0037,1.7099,-0.0513,3.4837
2023-07-03,400,2025-01-17,c,51.31,50.4,52.38,0.1709,0.1823,67,0,0.6729,0.0039,1.7596,-0.0513,3.4338
2023-07-03,405,2025-01-17,c,48.54,47.6,49.6,0.1669,0.178,5,0,0.6555,0.004,1.7949,-0.0511,3.377
2023-07-03,410,2025-01-17,c,44.67,43.88,45.27,0.1637,0.1713,21,1,0.6372,0.0042,1.8332,-0.0508,3.3129
2023-07-03,415,2025-01-17,c,41.96,41.2,42.7,0.1601,0.1681,5,0,0.6178,0.0044,1.8751,-0.0504,3.2415
2023-07-03,420,2025-01-17,c,39.45,38.91,39.93,0.158,0.1633,9,3,0.5975,0.0046,1.902,-0.0497,3.1632
2023-07-03,425,2025-01-17,c,35.82,35.1,36.9,0.1531,0.1625,12,0,0.5761,0.0048,1.9137,-0.049,3.0771
2023-07-03,430,2025-01-17,c,33.2,32.63,33.54,0.1496,0.1542,8,0,0.5537,0.005,1.9686,-0.0481,2.9829
2023-07-03,435,2025-01-17,c,29.81,29.4,30.2,0.1461,0.1501,5,1,0.53,0.0052,1.9701,-0.0471,2.8787
2023-07-03,440,2025-01-17,c,27.46,27.1,27.81,0.1427,0.1462,19,1,0.5054,0.0053,1.9571,-0.0459,2.7667
2023-07-03,445,2025-01-17,c,24.33,24.04,24.73,0.1398,0.1433,32,0,0.4798,0.0055,2.0261,-0.0446,2.6456
2023-07-03,450,2025-01-17,c,22.42,22.03,22.74,0.1363,0.1398,86,0,0.4536,0.0056,2.0004,-0.0431,2.5168
2023-07-03,455,2025-01-17,c,19.69,19.27,20.07,0.1329,0.137,2,0,0.4274,0.0057,1.9627,-0.0417,2.3873
2023-07-03,460,2025-01-17,c,17.58,17.2,17.9,0.1296,0.1333,47,0,0.3992,0.0057,1.9164,-0.0397,2.2452
2023-07-03,465,2025-01-17,c,15.42,15.07,15.77,0.1268,0.1306,0,0,0.3705,0.0058,1.8589,-0.0377,2.0975
2023-07-03,470,2025-01-17,c,13.69,13.4,14,0.1244,0.1278,69,0,0.3415,0.0058,1.7919,-0.0355,1.9452
2023-07-03,475,2025-01-17,c,11.95,11.6,12.3,0.1219,0.1257,22,0,0.313,0.0057,1.7129,-0.0333,1.7927
2023-07-03,480,2025-01-17,c,10.54,10.2,10.9,0.1198,0.1237,81,0,0.285,0.0056,1.6248,-0.0311,1.6409
2023-07-03,485,2025-01-17,c,9.1,8.81,9.4,0.1181,0.1216,0,0,0.2581,0.0054,1.7225,-0.0288,1.4927
2023-07-03,490,2025-01-17,c,7.96,7.7,8.3,0.1163,0.1201,40,0,0.2328,0.0052,1.6204,-0.0266,1.3517
2023-07-03,495,2025-01-17,c,6.85,6.53,7.13,0.1145,0.1186,2,0,0.2099,0.005,1.504,-0.0246,1.2227
2023-07-03,500,2025-01-17,c,5.98,5.7,6.3,0.1134,0.1178,15,0,0.1888,0.0047,1.3796,-0.0227,1.1027
2023-07-03,505,2025-01-17,c,5.16,4.94,5.44,0.1131,0.117,3,0,0.171,0.0044,1.2391,-0.0211,1.0006
2023-07-03,510,2025-01-17,c,4.49,4.3,4.7,0.1124,0.1155,2,0,0.1543,0.0041,1.2935,-0.0195,0.9046
2023-07-03,515,2025-01-17,c,3.81,3.66,4.05,0.1117,0.1152,0,0,0.1408,0.0039,1.1407,-0.0182,0.8266
2023-07-03,520,2025-01-17,c,3.48,2.75,3.9,0.1068,0.1179,0,0,0.1293,0.0036,0.9858,-0.0172,0.7592
2023-07-03,525,2025-01-17,c,2.95,2.77,3.46,0.1115,0.1186,5,0,0.1174,0.0033,1.0192,-0.0159,0.69
2023-07-03,530,2025-01-17,c,2.66,2.35,2.85,0.1105,0.1162,3,0,0.1075,0.0031,0.8729,-0.015,0.6325
2023-07-03,535,2025-01-17,c,2.29,1.67,2.89,0.1054,0.1202,0,0,0.0972,0.0029,0.9036,-0.0138,0.5722
2023-07-03,540,2025-01-17,c,1.96,1.4,2.5,0.1052,0.1201,2,0,0.0875,0.0027,0.7716,-0.0127,0.5158
2023-07-03,545,2025-01-17,c,1.75,1.27,2.18,0.1063,0.1195,0,0,0.0784,0.0024,0.7986,-0.0116,0.4629
2023-07-03,550,2025-01-17,c,1.52,1.34,1.74,0.1114,0.1177,33,0,0.07,0.0022,0.6778,-0.0106,0.4138
2023-07-03,555,2025-01-17,c,1.49,1.17,1.62,0.1113,0.119,4,0,0.0623,0.002,0.5664,-0.0096,0.3688
2023-07-03,560,2025-01-17,c,1.33,0.45,3.28,0.0977,0.1446,0,0,0.055,0.0018,0.5867,-0.0086,0.3261
2023-07-03,565,2025-01-17,c,1.22,0.1,3.25,0.0825,0.1472,28,0,0.0496,0.0017,0.4823,-0.008,0.2943
2023-07-03,570,2025-01-17,c,1.01,0.25,2.98,0.0952,0.1487,3,0,0.0433,0.0015,0.5027,-0.0071,0.2573
2023-07-03,575,2025-01-17,c,0.92,0.2,2.1,0.095,0.1402,2,0,0.0394,0.0014,0.4064,-0.0065,0.2342
2023-07-03,580,2025-01-17,c,0.78,0.15,2.63,0.0943,0.1513,0,0,0.0344,0.0013,0.421,-0.0058,0.2047
2023-07-03,585,2025-01-17,c,0.71,0.1,1.7,0.0922,0.1406,101,0,0.0313,0.0012,0.3382,-0.0054,0.1861
2023-07-03,590,2025-01-17,c,0.62,0.05,1.49,0.088,0.1403,0,0,0.028,0.001,0.3471,-0.0049,0.1665
2023-07-03,595,2025-01-17,c,0.54,0.15,1.3,0.1016,0.1396,0,0,0.0243,0.0009,0.2789,-0.0043,0.1449
2023-07-03,165,2025-01-17,p,0.5,0.5,2.92,0.351,0.471,23,0,-0.0206,0.0001,0.0812,-0.0091,-16.0751
2023-07-03,170,2025-01-17,p,0.5,0.3,3.1,0.319,0.4626,37,0,-0.0198,0.0001,0.0988,-0.0084,-15.1976
2023-07-03,175,2025-01-17,p,0.43,0.35,3.17,0.3154,0.4529,4,0,-0.0214,0.0001,0.0996,-0.0088,-16.4558
2023-07-03,180,2025-01-17,p,0.52,0.4,3.3,0.3118,0.4431,1,0,-0.0231,0.0002,0.122,-0.0092,-17.7323
2023-07-03,185,2025-01-17,p,0.64,0.2,3.36,0.278,0.4332,0,0,-0.0214,0.0002,0.1492,-0.0081,-16.1992
2023-07-03,190,2025-01-17,p,0.77,0.25,3.5,0.2769,0.4237,8,0,-0.0234,0.0002,0.1512,-0.0086,-17.687
2023-07-03,195,2025-01-17,p,0.9,0.35,3.46,0.2802,0.4119,2,0,-0.0258,0.0002,0.1842,-0.0093,-19.496
2023-07-03,200,2025-01-17,p,1.07,0.4,3.5,0.2769,0.4003,40,0,-0.0274,0.0003,0.2225,-0.0095,-20.659
2023-07-03,205,2025-01-17,p,1.24,0.56,3.85,0.2806,0.3965,0,0,-0.0313,0.0003,0.2254,-0.0106,-23.6666
2023-07-03,210,2025-01-17,p,1.39,0.7,3.9,0.2824,0.3873,5,0,-0.0344,0.0003,0.2534,-0.0114,-26.027
2023-07-03,215,2025-01-17,p,1.62,0.81,4.15,0.2794,0.3806,8,0,-0.0373,0.0003,0.275,-0.012,-28.1825
2023-07-03,220,2025-01-17,p,1.83,0.85,4.2,0.2738,0.3719,6,0,-0.0395,0.0004,0.327,-0.0122,-29.7881
2023-07-03,225,2025-01-17,p,2.1,0.96,4.47,0.2702,0.3656,11,0,-0.0426,0.0004,0.3319,-0.0128,-32.1183
2023-07-03,230,2025-01-17,p,2.55,1.79,4.57,0.2933,0.359,4,0,-0.0511,0.0004,0.3343,-0.0152,-38.9554
2023-07-03,235,2025-01-17,p,2.61,1.22,4.77,0.2644,0.3503,28,0,-0.0492,0.0005,0.397,-0.0139,-36.9887
2023-07-03,240,2025-01-17,p,2.8,1.39,4.87,0.2634,0.3436,7,0,-0.0533,0.0005,0.4025,-0.0146,-40.0799
2023-07-03,245,2025-01-17,p,3.15,1.62,5.18,0.2615,0.3371,2,0,-0.0575,0.0006,0.4686,-0.0153,-43.2678
2023-07-03,250,2025-01-17,p,3.24,2.98,4.07,0.2881,0.3098,14,0,-0.0639,0.0006,0.4738,-0.0166,-48.2166
2023-07-03,255,2025-01-17,p,3.66,3.1,3.7,0.2813,0.2933,2,0,-0.0649,0.0007,0.5493,-0.0161,-48.6743
2023-07-03,260,2025-01-17,p,3.67,3.37,4.26,0.2787,0.2947,3,0,-0.0717,0.0007,0.555,-0.0174,-53.9257
2023-07-03,265,2025-01-17,p,4.11,3.6,4.4,0.2734,0.2873,3,0,-0.0759,0.0008,0.5628,-0.0177,-56.9226
2023-07-03,270,2025-01-17,p,4.24,3.86,4.85,0.27,0.2859,680,0,-0.0824,0.0009,0.641,-0.0187,-61.849
2023-07-03,275,2025-01-17,p,4.72,4.2,4.9,0.2662,0.2768,28,0,-0.087,0.0009,0.6496,-0.019,-65.1527
2023-07-03,280,2025-01-17,p,4.94,4.55,5.44,0.2635,0.2767,8,0,-0.0948,0.001,0.6555,-0.0201,-71.1739
2023-07-03,285,2025-01-17,p,5.43,4.9,6,0.2593,0.2741,1,0,-0.1019,0.001,0.7392,-0.0209,-76.5197
2023-07-03,290,2025-01-17,p,5.62,5.25,6.34,0.256,0.2702,2,0,-0.1091,0.0011,0.7474,-0.0216,-81.9939
2023-07-03,295,2025-01-17,p,6.06,5.6,6.3,0.2512,0.2601,1,0,-0.1143,0.0012,0.8279,-0.0217,-85.5777
2023-07-03,300,2025-01-17,p,6.27,5.93,6.52,0.2476,0.2545,51,1,-0.1216,0.0013,0.8491,-0.0222,-90.9983
2023-07-03,305,2025-01-17,p,6.73,6.4,7.1,0.2434,0.2513,8,0,-0.13,0.0014,0.8596,-0.0229,-97.2624
2023-07-03,310,2025-01-17,p,7.11,6.72,7.41,0.2392,0.2469,2,0,-0.1385,0.0014,0.9522,-0.0235,-103.5594
2023-07-03,315,2025-01-17,p,7.69,7.3,8,0.2358,0.2429,13,0,-0.1478,0.0015,0.9634,-0.0241,-110.575
2023-07-03,320,2025-01-17,p,8.35,8.01,8.71,0.2331,0.24,11,0,-0.1582,0.0016,0.9741,-0.0249,-118.42
2023-07-03,325,2025-01-17,p,8.79,8.5,9.2,0.2301,0.2364,18,0,-0.1688,0.0017,1.0663,-0.0255,-126.4034
2023-07-03,330,2025-01-17,p,9.54,9.12,9.93,0.2256,0.2327,11,0,-0.1794,0.0018,1.0797,-0.026,-134.3307
2023-07-03,335,2025-01-17,p,10.05,9.7,10.4,0.2229,0.2289,5,0,-0.1911,0.0019,1.1731,-0.0266,-143.1474
2023-07-03,340,2025-01-17,p,10.89,10.56,11.27,0.2196,0.2253,27,0,-0.2033,0.0021,1.1886,-0.0271,-152.3404
2023-07-03,345,2025-01-17,p,11.37,10.93,11.72,0.2154,0.2217,4,0,-0.2156,0.0022,1.2046,-0.0275,-161.592
2023-07-03,350,2025-01-17,p,12.39,11.98,12.79,0.2123,0.2182,131,4,-0.2291,0.0023,1.2953,-0.028,-171.7931
2023-07-03,355,2025-01-17,p,12.9,12.62,13.31,0.2096,0.2147,102,0,-0.2434,0.0024,1.3125,-0.0284,-182.6205
2023-07-03,360,2025-01-17,p,13.88,13.5,14.2,0.2058,0.2107,13,0,-0.2576,0.0026,1.3994,-0.0286,-193.3192
2023-07-03,365,2025-01-17,p,14.66,14.28,14.97,0.2023,0.207,100,1,-0.2729,0.0027,1.4196,-0.0288,-204.9331
2023-07-03,370,2025-01-17,p,15.71,15.4,16.1,0.1992,0.2037,4,0,-0.289,0.0029,1.4985,-0.029,-217.1482
2023-07-03,375,2025-01-17,p,16.54,16.26,16.86,0.1956,0.1994,6,0,-0.3055,0.003,1.5212,-0.029,-229.5891
2023-07-03,380,2025-01-17,p,17.72,17.4,18,0.1917,0.1954,4,0,-0.3227,0.0032,1.5925,-0.0289,-242.5596
2023-07-03,385,2025-01-17,p,18.62,18.32,18.91,0.1879,0.1914,2,1,-0.3409,0.0033,1.6188,-0.0288,-256.2602
2023-07-03,390,2025-01-17,p,19.92,19.6,20.3,0.1837,0.1878,1,1,-0.3597,0.0035,1.6795,-0.0285,-270.5657
2023-07-03,395,2025-01-17,p,20.97,20.59,21.28,0.1796,0.1835,16,0,-0.3794,0.0037,1.7099,-0.0281,-285.3705
2023-07-03,400,2025-01-17,p,22.49,22.2,22.8,0.1762,0.1795,21,0,-0.4002,0.0039,1.7596,-0.0277,-301.2168
2023-07-03,405,2025-01-17,p,23.6,23.23,24.02,0.1715,0.1759,7,0,-0.4217,0.004,1.7949,-0.0271,-317.5124
2023-07-03,410,2025-01-17,p,25.34,25,25.8,0.1674,0.1718,1,0,-0.4439,0.0042,1.8332,-0.0263,-334.3815
2023-07-03,415,2025-01-17,p,26.64,25.89,27.18,0.1611,0.1681,0,0,-0.4676,0.0044,1.8751,-0.0253,-352.0911
2023-07-03,420,2025-01-17,p,28.68,28.1,29.3,0.1576,0.1641,1,0,-0.492,0.0046,1.902,-0.0244,-370.7935
2023-07-03,425,2025-01-17,p,31.02,30.4,31.72,0.1533,0.1604,7,0,-0.5173,0.0048,1.9137,-0.0233,-390.2402
2023-07-03,430,2025-01-17,p,32.64,32,33.3,0.1484,0.1557,0,0,-0.544,0.005,1.9686,-0.0218,-410.4104
2023-07-03,435,2025-01-17,p,35.49,34.76,36.07,0.1437,0.1514,0,0,-0.5718,0.0052,1.9701,-0.0203,-431.6314
2023-07-03,440,2025-01-17,p,37.56,37.1,38.3,0.1403,0.1481,0,0,-0.5988,0.0053,1.9571,-0.0188,-452.9751
2023-07-03,445,2025-01-17,p,40.93,40.43,41.65,0.1346,0.1435,3,0,-0.6289,0.0055,2.0261,-0.0168,-475.89
2023-07-03,450,2025-01-17,p,43.94,41.52,44,0,0.139,0,0,-0.8195,0.0056,2.0004,0.0011,-584.9741
2023-07-03,455,2025-01-17,p,49.01,48.11,50.45,0.1259,0.1513,6,0,-0.6748,0.0057,1.9627,-0.0146,-516.1624
2023-07-03,460,2025-01-17,p,51.91,50.66,53.74,0,0.1547,0,0,-0.8476,0.0057,1.9164,0.0023,-617.8176
2023-07-03,465,2025-01-17,p,58.03,57.04,59.88,0,0.162,0,0,-0.8597,0.0058,1.8589,0.0028,-632.9928
2023-07-03,470,2025-01-17,p,61.65,59.1,63.86,0,0.174,0,0,-0.8626,0.0058,1.7919,0.0026,-642.7167
2023-07-03,475,2025-01-17,p,67.17,64.5,69.5,0,0.1829,1,0,-0.8693,0.0057,1.7129,0.0029,-654.657
2023-07-03,480,2025-01-17,p,71.57,68.92,73.88,0,0.1907,0,0,-0.8761,0.0056,1.6248,0.0032,-666.5791
2023-07-03,485,2025-01-17,p,77.17,74.5,79.5,0,0.1983,0,0,-0.8824,0.0054,1.7225,0.0036,-678.205
2023-07-03,490,2025-01-17,p,81.49,78.84,83.8,0,0.2057,0,0,-0.8883,0.0052,1.6204,0.004,-689.5924
2023-07-03,495,2025-01-17,p,87.17,84.5,89.5,0,0.213,0,0,-0.8935,0.005,1.504,0.0043,-700.5088
2023-07-03,500,2025-01-17,p,91.25,88.6,93.56,0,0.2201,0,0,-0.8982,0.0047,1.3796,0.0047,-711.1547
2023-07-03,505,2025-01-17,p,97.17,94.5,99.5,0,0.227,0,0,-0.9026,0.0044,1.2391,0.0049,-721.5693
2023-07-03,510,2025-01-17,p,101.15,98.5,103.46,0,0.2339,0,0,-0.9066,0.0041,1.2935,0.0052,-731.7874
2023-07-03,515,2025-01-17,p,107.17,104.5,109.5,0,0.2406,0,0,-0.9102,0.0039,1.1407,0.0055,-741.7211
2023-07-03,520,2025-01-17,p,110.86,108.52,113.16,0,0.2472,0,1,-0.9137,0.0036,0.9858,0.0057,-751.6215
2023-07-03,525,2025-01-17,p,117.17,114.5,119.5,0,0.2536,0,0,-0.917,0.0033,1.0192,0.0059,-761.3946
2023-07-03,530,2025-01-17,p,120.74,118.11,123.05,0,0.26,0,0,-0.9198,0.0031,0.8729,0.0061,-770.8622
2023-07-03,535,2025-01-17,p,127.17,124.5,129.5,0,0.2662,0,0,-0.9227,0.0029,0.9036,0.0063,-780.3373
2023-07-03,540,2025-01-17,p,133.93,131.23,136.29,0,0.2723,0,0,-0.9254,0.0027,0.7716,0.0065,-789.7347
2023-07-03,545,2025-01-17,p,137.17,134.5,139.5,0,0.2783,0,0,-0.9278,0.0024,0.7986,0.0067,-798.9712
2023-07-03,550,2025-01-17,p,144.07,141.36,146.43,0,0.2842,0,0,-0.9301,0.0022,0.6778,0.0069,-808.0641
2023-07-03,555,2025-01-17,p,147.17,144.5,149.5,0,0.29,0,0,-0.9322,0.002,0.5664,0.007,-817.1159
2023-07-03,560,2025-01-17,p,154.45,151.74,156.82,0,0.2954,0,0,-0.9348,0.0018,0.5867,0.007,-826.4229
2023-07-03,565,2025-01-17,p,156.12,153.47,158.44,0,0.3011,0,0,-0.9365,0.0017,0.4823,0.0071,-835.2326
2023-07-03,570,2025-01-17,p,164.6,161.89,166.97,0,0.3067,0,0,-0.9385,0.0015,0.5027,0.0072,-844.167
2023-07-03,575,2025-01-17,p,166.06,163.4,168.37,0,0.3124,0,0,-0.9399,0.0014,0.4064,0.0074,-852.7249
2023-07-03,580,2025-01-17,p,174.75,172.04,177.12,0,0.3177,0,0,-0.9417,0.0013,0.421,0.0074,-861.6082
2023-07-03,585,2025-01-17,p,175.69,173.05,178,0,0.3232,1,0,-0.943,0.0012,0.3382,0.0077,-870.0847
2023-07-03,590,2025-01-17,p,182.17,179.5,184.5,0,0.3285,0,0,-0.9444,0.001,0.3471,0.0077,-878.6766
2023-07-03,595,2025-01-17,p,185.61,182.96,187.92,0,0.3337,0,0,-0.9458,0.0009,0.2789,0.0079,-887.2824
